batiment_groupe_id,l_annee_construction,nb_log
01427000AD0154_08829cdb88adc35,,11.0
01427000AH0633_8424cc68f9a8d6b,"[ ""2012"" ]",19.0
01427000AD0251_1fe8af3f3b10911,"[ ""2002"" ]",11.0
03310000AX0095_404e1dd219b92ad,,158.0
38138000AE0793_c77fd1d2db2f4d4,,9.0
38193000DE0359_8bbd279f08ff777,"[ ""2011"" ]",20.0
385430000C0982_acad9d0239da1de,"[ ""2014"" ]",56.0
38544000BH0016_57d34614b20c5b8,"[ ""2015"" ]",22.0
38537000AD0562_97ac671c086891d,,23.0
42218000MW0090_da73742fc610f44,"[ ""2016"" ]",81.0
42218000HT0021_b9a0c8085f6b03a,"[ ""1999"", ""1997"" ]",120.0
63032000BC0354_2590497663d8d04,,5.0
63075000AD0329_9929ff6c52acf52,"[ ""1964"" ]",6.0
63075000AE0375_91cb49ca9465798,,4.0
63075000AL0263_ecd217cd44998e4,"[ ""1957"" ]",10.0
63075000AN0236_a0ef68e4cd05e78,,4.0
63103000AM0523_eb0e9f9a6aaa03c,,4.0
63113000BY0275_32ca5c81c698d8c,"[ ""1971"" ]",4.0
63113000BZ0010_5af42d54ab33d4f,"[ ""1959"" ]",6.0
63113000EY0316_7fe47564094a2d3,"[ ""1972"" ]",0.0
63113000HO0320_26f80cbc4130226,"[ ""1973"" ]",4.0
63113000HO0341_0fc8c292b45a357,"[ ""1955"" ]",10.0
63113000HP0330_360fa334fb3ea3a,,24.0
63113000HP0591_c9f1caa0ea972fb,,7.0
63113000HR0019_1441e87fd333790,"[ ""1949"" ]",6.0
63113000HT0137_91c9253a057c9e5,"[ ""1974"" ]",8.0
63113000HV0038_3aef299b0822881,,15.0
63113000HV0083_1d51e7a5c2f5399,,6.0
63113000HV0118_bdabca173dab77f,"[ ""1951"" ]",4.0
63113000HV0119_3e3a63068b549e6,"[ ""1963"" ]",4.0
63113000HW0132_639450293b40c63,"[ ""1966"" ]",5.0
63113000HW0246_a9199d5f9e2b3a6,,11.0
63113000HW0236_56c9ab64117e7bc,"[ ""1957"" ]",8.0
63113000HW0351_3b5ecbdf3b5dcff,"[ ""1996"" ]",7.0
63113000HW0301_72f844ee9913601,"[ ""1966"" ]",6.0
63113000HW0306_2565db5c6a36e1b,,13.0
63113000HW0327_8d02dee12023a1d,"[ ""1977"" ]",13.0
63113000HV0157_5cc29fc7fa0a417,"[ ""1981"" ]",4.0
63113000HY0110_ab9dc523d14a70f,"[ ""1976"" ]",4.0
63113000HY0074_303279d3c5972c2,"[ ""1971"" ]",7.0
63113000HZ0048_066475e933ac405,"[ ""1982"" ]",11.0
63113000IK0163_2506224a78cae74,"[ ""1992"" ]",8.0
63113000IR0264_93e77817921c836,,33.0
63113000IT0183_ef3b3dd215c4623,,9.0
63113000IT0422_a4cb436465a593d,"[ ""1990"" ]",3.0
63113000KM0054_73b08c4672face8,,15.0
63113000LR0399_a57c4191b4fb560,"[ ""2014"" ]",41.0
63113000LY0483_378410582013f40,,6.0
63124000BA0333_dd5d4f322445f23,"[ ""2006"" ]",24.0
63124000BR0572_7ce14afc363d3fe,,4.0
63178000AB0446_f056531af1b8b11,,0.0
63178000AC0071_d28cdcfe59b2f34,,3.0
63178000AC0055_f1905113049e71a,"[ ""1970"" ]",12.0
63178000AC0116_f8f6f98a4142d43,,6.0
63178000AB0399_85c2794b7ccd829,,3.0
63178000AD0275_8300d8cd0d52d08,,9.0
63178000AI0091_8559a662624cd6c,,4.0
63178000AK0065_c5f90c2d6591e51,,0.0
63178000AL0368_974b70911f8afad,,7.0
63178000AM0286_4d81f2687d6fa82,"[ ""2006"" ]",20.0
63245000AP0133_15ac6a632e5f583,,8.0
63300000AV0139_109460128b1a867,,11.0
63300000BT0243_f6e8ff8728f0de2,"[ ""1983"" ]",7.0
63300000BW0076_28ef05c0ec96628,"[ ""2005"" ]",32.0
63300000BW0167_c5471718a546586,,12.0
63300000BX0065_cecdce94689d8ae,,7.0
63300000BX0110_b4f289ceafc1a3f,,5.0
63300000BX0180_34afdb07c025160,,4.0
63300000CE0180_7fd65f9bd2fa00b,,13.0
63300000CD0231_4c01e3998d22e09,,4.0
63300000CD0233_059a42ac743aa28,,1.0
63308000AI0123_0d91b87e5c5748a,"[ ""1985"" ]",7.0
63308000AI0437_12a40486d3199dc,"[ ""1954"" ]",47.0
63308000AI0566_ed7c8d745f645c2,"[ ""1988"" ]",9.0
uf631780311064_f7baa1e4e3f601a,"[ ""2016"" ]",11.0
63113000ES0112_ed7a8cc4f058de9,"[ ""1965"" ]",23.0
63113000EV0016_6359a8a7cb2ccc5,"[ ""1967"" ]",18.0
63113000HW0318_8eb08b3bd98780a,,17.0
63113000IT0180_38729015a73c658,,24.0
63178000AB0457_b579a017ba63a0c,,4.0
63178000AC0095_4d53946f64a8dc8,,11.0
63178000AH0084_e203d03eefb50a2,,5.0
63178000AE0112_e0e2b94f3d25c64,,5.81
63178000AZ0049_6d882c487770e92,"[ ""1983"" ]",3.0
63300000BW0572_9e4f29eb82ccdaf,"[ ""2005"" ]",50.0
63178000AI0157_0c69b094c43019f,,4.0
63075000AI0537_885161039fd16fc,"[ ""1972"" ]",27.0
63113000AI0205_22323e49761cdb6,"[ ""1962"" ]",18.0
63113000AM0057_5beeb9fd3cee93c,"[ ""1970"" ]",60.0
63113000BZ0036_1e9084fb334d5b4,"[ ""1955"" ]",16.0
63113000EN0076_e294146fc0b9fce,"[ ""1971"" ]",12.0
63113000EO1246_6009e3c3b8bb021,,168.0
63113000EN0286_70c8f1f4788f191,"[ ""1972"" ]",63.0
63113000EP0058_099b3058c775d73,"[ ""1972"" ]",13.0
63113000ET0059_41ffce4a1b80096,"[ ""1963"" ]",7.0
63113000ET0359_67ec27348ab7374,"[ ""1965"" ]",14.0
63113000EV0190_e3708b934e0fc6a,"[ ""1975"" ]",11.0
63113000EY0317_b1c200b61bb37e9,"[ ""1972"" ]",115.0
63113000HL0133_4b97000dc09a5a6,"[ ""1972"" ]",14.0
63113000HM0231_21f5bedf02d0288,"[ ""1967"" ]",4.0
63113000HO0311_53bbf8cf20c58a9,"[ ""1968"", ""1970"" ]",15.0
63113000HP0493_c96df6fb8603343,"[ ""1976"" ]",23.0
63113000HW0089_669f0f713a8be0c,,14.0
63113000HW0107_fd80af8b5ef6f32,"[ ""1958"" ]",8.0
63113000HW0163_ecebe6927ed4207,"[ ""1972"" ]",21.0
63113000HV0075_d652e184c52ffaa,,6.0
63113000HR0178_0496a3762417657,"[ ""1970"" ]",13.0
63113000IS0252_9770af300e2612e,"[ ""1999"", ""1997"", ""1998"" ]",256.0
63113000IT0027_edbdcc9455ec027,"[ ""1935"" ]",18.0
63113000IR0246_d89a26a05ff038b,,0.0
63113000IT0414_f24e61129dc7e15,"[ ""1972"" ]",10.0
63113000KP0335_3b36c8e7b4f6b5d,"[ ""1989"" ]",44.0
63113000LP0100_e3562acd4bcd841,"[ ""1967"" ]",8.0
63113000LN0014_675bcba5acc0538,"[ ""1970"" ]",21.0
63113000LO0627_3bd3085f9f4c11a,"[ ""1980"" ]",6.0
63113000LS0276_2d85f6baf5b1189,"[ ""2013"" ]",67.0
63113000LX0267_5832a61ff57540b,,18.0
63124000AZ0151_636ba1cc6aa0a62,"[ ""2014"" ]",38.0
63124000BS0335_bbf497252be4fa8,,0.0
63178000AC0199_783281ff513766f,,11.0
63178000AT0263_2089fd972db0ef4,"[ ""1980"" ]",27.0
63178000AY0165_e3a5e844ca7cee1,,9.0
63236000AC0463_36617d50d9bb241,"[ ""1959"" ]",256.0
63300000BY0071_375faab58346d0c,"[ ""1978"" ]",4.0
63300000BW0557_52d29812bf20139,"[ ""2005"" ]",0.0
63032000BB0118_cae77a0e03e52e4,"[ ""1971"" ]",18.0
630700000C1311_d55fb17e98fb646,"[ ""2012"" ]",14.33
63069000AL0404_2eb00da6b1d3cfd,"[ ""2008"" ]",13.0
630700000C1311_094d57671782e4b,"[ ""2012"" ]",14.33
630700000C1311_5f44317e3c31e29,"[ ""2012"" ]",14.33
63069000AL0404_857fd6e7435b53c,"[ ""2008"" ]",13.0
63069000AL0404_fdb64f24978e358,"[ ""2008"" ]",13.0
63075000AI0121_f696fe193bbc6da,"[ ""1953"" ]",0.0
63075000AI0121_c73b1483bfb8ca7,"[ ""1953"" ]",8.0
63075000XA0455_470cff909ed2a5d,"[ ""1991"" ]",12.0
63113000BZ0140_89c94cf0c69cc06,"[ ""1967"" ]",4.0
63113000CE0063_44d5567aa6e8a1b,"[ ""1967"" ]",0.0
63113000CE0063_8d332bc6923688b,"[ ""1967"" ]",0.0
63113000EL0096_878e295d656927e,,12.0
63113000EO0287_cd4f4b59d855f83,,0.0
63113000EO0287_2f547a90acce9e3,,90.0
63113000EP0011_3ef893ed56454ea,"[ ""1957"" ]",0.0
63113000EP0011_ac3068676342ada,"[ ""1957"" ]",30.0
63113000ER0016_f49ea7464f0616b,"[ ""1969"" ]",62.0
63113000ES0079_09900a7d9f6ca29,"[ ""1965"" ]",7.0
63113000ES0079_aa5c97719e1c344,"[ ""1965"" ]",0.0
63113000EV0287_018898ae769af79,,66.0
63113000EW0030_9e79ee56af40ba5,,0.0
63113000EW0030_7008719a8d7d870,,20.0
63113000EX0156_bfe3ae74230c7f2,,0.0
63113000EX0156_e3d5cecd55a5089,,0.0
63113000EX0156_3c8e2122bb06216,,6.0
63113000HP0143_05a0e57c435f9b5,,15.0
63113000HP0143_5124087453b7f68,,0.0
63113000HR0186_671f728afe2e454,"[ ""1965"" ]",4.0
63113000HW0118_456bb98b937ffb1,,11.83
63113000HW0118_897405828450bc5,,1.17
63113000IL0188_e310bc8407550fc,,5.4
63113000IL0188_74cf996c8c85488,,3.6
63113000IT0024_72a8f669f514ef7,"[ ""1960"" ]",8.0
63113000IT0024_78f5f961a8c3c98,"[ ""1960"" ]",0.0
63113000IZ0153_1136dddbed3e6db,"[ ""1995"" ]",125.0
63113000KL0214_811efdd22e60d94,,18.15
63113000KL0214_c73a1d7f9c60908,,14.85
63113000KM0040_628a946d8e834a0,"[ ""1958"" ]",0.0
63113000KM0040_1d65a646337744f,"[ ""1958"" ]",0.0
63113000KM0040_8e0da770c7d0ea1,"[ ""1958"" ]",10.0
63113000KN0040_1a0815741cb962b,"[ ""1965"" ]",18.0
63113000KN0075_3439f06ace51071,"[ ""1963"" ]",0.0
63113000KN0075_2f11632c116d485,"[ ""1963"" ]",8.0
63113000LN0101_78af095bec87646,"[ ""2012"" ]",35.0
63113000LO0336_b7d0002446ba448,"[ ""1955"" ]",0.0
63113000LO0336_112184ebfe54866,"[ ""1955"" ]",0.0
63113000LO0264_496ece76c636534,"[ ""1959"" ]",16.0
63113000LO0264_2e208669526b3fb,"[ ""1959"" ]",0.0
63113000KR0364_677eb9fd05845ab,"[ ""1976"" ]",10.2
63113000KR0364_ab685373e574cce,"[ ""1976"" ]",23.8
63124000AN0275_700dca626aaa355,"[ ""2015"" ]",32.5
63124000AN0275_93e6012657dc421,"[ ""2015"" ]",32.5
63124000CL0512_a4eb068ecbba0c0,,17.5
63124000CL0512_691d2f77b9f4c39,,17.5
63178000AC0551_3fbdd222c64af96,,6.39
63178000AC0551_244203a7db03347,,2.61
63178000AK0266_bad50066698945a,"[ ""1977"" ]",20.0
63178000AX0139_c69ed716446dc82,,0.0
63307000AP0226_0dd701a3d833b1a,"[ ""1968"" ]",0.0
63307000AP0223_aaf6710dec0cd68,"[ ""1970"" ]",0.0
63307000AP0226_abeacc0b8450bfa,"[ ""1968"" ]",28.0
63307000AP0223_99a694954078270,"[ ""1970"" ]",20.0
63308000AI0087_f1325986f2db003,"[ ""1968"" ]",13.0
63308000AI0087_3e1db1d334f8d8b,"[ ""1968"" ]",0.0
uf631780097973_399500531e79a54,,1.19
63075000AH0103_3d41f5c145a1eeb,"[ ""1975"" ]",10.0
630700000C1322_fd273d9560b5930,"[ ""2009"" ]",25.08
63075000AL0704_2081f7026f9f981,"[ ""1965"" ]",88.0
63069000AH0312_49166c6ca75b998,"[ ""1971"" ]",32.0
63113000IT0054_02f98692b7fada6,"[ ""1970"" ]",15.0
63113000EO0688_1de606a14c063a7,"[ ""1971"" ]",36.0
63113000ES0107_ec5b724087a6877,"[ ""1972"" ]",72.0
63113000ET0325_6369a148794d5c0,"[ ""1981"" ]",15.0
63113000EV0015_ec3ca5b24caf64d,,25.0
63113000EY0165_d8422d22fbe9069,"[ ""1960"" ]",10.0
63113000EX0246_d5262d4e2bfa8ad,"[ ""2007"" ]",69.89
63113000HV0223_077c05e2ed1385b,,7.0
63113000HW0339_f553c439f0df66c,"[ ""1996"" ]",14.0
63113000HW0447_fea2e59f91fdb80,,12.0
63113000HV0039_20b846bf612bb8f,,19.0
63113000IS0296_eded631e40886cd,"[ ""2011"", ""2012"" ]",142.0
63113000IT0053_bbd6e67c58c55cb,"[ ""1968"" ]",9.0
63113000IV0502_eae65e3e1ef7836,,8.0
63113000LO0801_4fe4076c13ab60b,"[ ""2011"" ]",42.0
63113000LP0571_5e4a36a1b03dbc6,"[ ""1973"" ]",33.0
63113000LV0542_619fd9b0e50e04a,"[ ""2004"" ]",166.0
63113000KM0094_b0eb89fc3c0af75,"[ ""1970"", ""2016"" ]",142.0
63164000BV0179_212b0865c84767d,"[ ""1976"" ]",23.0
63178000AZ0048_94bff79a7a8d4c6,"[ ""1971"" ]",15.0
69034000AH0005_659781da030377b,,50.0
69088000AI0237_267840a052c635c,"[ ""2016"" ]",40.0
69256000AP0004_8ce5f4f1b6f075e,"[ ""2013"" ]",116.0
69256000BO0388_0c52008e91710fe,"[ ""2014"", ""2019"" ]",0.0
69264000AK0373_b60f0fe21be7d0c,,5.0
69266000AV0049_d5047082fc426e6,"[ ""1958"" ]",0.0
69266000AZ0109_27f4afa5f91b3a1,"[ ""2012"" ]",76.0
69266000BC0365_9c185808e6050ff,"[ ""2015"" ]",26.0
69275000AS0596_c7609d77eb0e10c,"[ ""2019"" ]",29.0
69383000CO0155_035f6b397064736,"[ ""2018"" ]",7.0
69383000CT0010_dfd71b56a7f0cf3,"[ ""2019"" ]",21.0
69388000AN0329_65fbb3e077bd877,"[ ""2014"" ]",29.0
69019000AE0021_0109f3a26ebfd0f,"[ ""2016"" ]",30.0
69027000BE0141_69c79fb98344cf0,,0.0
690290000A0592_df107659a7d0753,"[ ""1965"" ]",25.0
690290000D1301_fa10d485c9b9905,"[ ""1996"" ]",1.0
690290000D1302_d81c7e050a6fa89,"[ ""1996"" ]",0.33
69034000AC0317_89cefc41168b366,"[ ""2006"" ]",40.0
69034000AX0391_d487c5e9822d667,"[ ""1990"" ]",27.0
69034000AX0410_af1b8c72824ad07,"[ ""1988"" ]",18.0
69069000AD0265_39917b79093b687,"[ ""2007"" ]",1.85
69142000AH0104_7c96433bc1ec3b1,"[ ""2008"" ]",32.0
69149000AE0150_78324bd9d061cc3,"[ ""1960"" ]",17.0
69149000AI0238_557ff84cd59f51e,"[ ""2016"" ]",35.0
69149000AI0383_6ba51ede79b52d4,,9.0
69202000AE0186_8a478d046093f52,"[ ""2004"", ""2012"" ]",26.0
69202000AE0375_0664030c5823cba,"[ ""2000"" ]",19.0
69204000AT0264_8b35758ac44b56a,"[ ""2003"", ""2004"" ]",10.8
69204000AW0202_339d16b9ddb6671,"[ ""2020"" ]",11.0
692190000F0500_63659b734518047,"[ ""2006"" ]",12.0
69244000AS0204_3258deaf2e1f8ab,,4.0
69259000BL0045_525db71f7a295bb,"[ ""1988"" ]",10.0
69264000AB0303_7e1ffe692c33875,"[ ""2007"" ]",26.0
69264000AC0689_5d1a62d53eece30,,28.0
69264000AH0040_b9ee7f07a845d94,,5.0
69264000AH0054_d352bbfc5879b71,,5.0
69264000AH0452_35e96a2ea960b9f,,4.0
69264000AL0159_96e69c1afdceee4,"[ ""1976"" ]",33.0
69264000AL0072_a24a5b549831c44,,4.0
69264000AL0160_463b4d5e5c43b5a,"[ ""1979"" ]",19.0
69264000AN0002_3081e77466cf849,"[ ""2007"" ]",21.0
69264000AN0036_f6d515a5d73e096,"[ ""2008"" ]",36.0
69264000BC0015_67975e384c94e1d,"[ ""1850"" ]",6.0
69266000BB0076_cec492d0c1100c0,"[ ""2013"" ]",30.0
69266000BB0340_643166ada262041,"[ ""2008"" ]",105.0
69266000BE0086_1f94bc8264a9475,,20.0
69266000BH0117_e397a7997a035dd,"[ ""2003"" ]",12.5
69266000BL0067_6a92afbb49191ce,,13.0
69266000BL0028_7ef7d8617ee66fd,,12.0
69266000BL0014_da2201a47e5501f,,18.0
69266000BL0217_1360823642b0412,"[ ""1948"" ]",11.0
69266000BM0030_a84c2bf9a9c55f8,"[ ""1994"" ]",31.0
69266000BN0031_d95310b7b11dc5e,"[ ""1958"" ]",18.0
69266000BN0086_edb411d396b890d,"[ ""1976"" ]",58.0
69266000BN0178_bc2d023cefdc31b,"[ ""1963"" ]",15.3
69266000BN0181_266b104169a3bdc,"[ ""1940"", ""1959"" ]",13.92
69266000BN0231_d410416a49aac0e,"[ ""2015"" ]",24.0
69266000BO0075_4ed4bc5bcff9ae6,,14.0
69266000BP0033_353af17454c2d7d,"[ ""1976"" ]",16.0
69266000BS0086_afc970e5bc50e34,,24.0
69266000CL0042_27e8a32b3cacc0d,"[ ""1954"" ]",12.0
69266000CL0043_c56f18315ea02b6,"[ ""1954"" ]",12.0
69266000CL0095_5d84fa03624a790,"[ ""1991"" ]",12.0
69275000AZ0793_dbe75c6ca01ad5c,"[ ""2007"" ]",10.0
69278000AI0527_2f004a4b1f6ad18,"[ ""1998"" ]",12.0
69286000CB0206_b7d4790d6860ba2,"[ ""2002"" ]",18.0
69290000CW0459_d377508e23c28ee,"[ ""2012"" ]",10.5
69290000DY0378_2c390c4a900e586,"[ ""2015"" ]",7.4
69290000EH0232_ab948fe65e7b52d,"[ ""2016"" ]",17.0
69290000EH0231_669fb3036ee5985,"[ ""2016"" ]",17.0
69294000AM0049_8491b441f1a1234,"[ ""2008"" ]",10.0
69294000AO0041_5896f7210aba3ad,"[ ""2020"" ]",2.34
69294000AO0042_0c946b6267cf9c9,"[ ""2020"" ]",2.34
69381000AD0034_fadd5c29ef45152,"[ ""1953"" ]",8.0
69381000AP0013_e1e663804e2daf5,,14.0
69381000AP0098_13f9d93a2824f97,,9.92
69381000AP0058_8f7f4f4af145940,"[ ""1800"" ]",31.5
69381000AP0010_465485dbc241370,,13.0
69381000AP0169_7c37a0a412833a5,,8.0
69381000AP0293_3cb8120e69c0869,,21.08
69381000AR0142_7ffcf25c4208e5e,,53.0
69381000AS0052_374d0014ce3f1f2,,7.0
69381000AS0060_9a783bbfe3665ea,,10.0
69381000AT0107_4fec2fbc349c610,,24.0
69382000AD0019_4e94a143d419a30,"[ ""1949"" ]",6.0
69382000AE0080_b93e53ed2c348eb,"[ ""1840"" ]",11.0
69382000AK0014_4363e26e14e02ff,,6.0
69382000AO0052_0cf46f3a991e623,,3.0
69382000AO0053_c13744b75d6453b,,3.0
69382000AS0040_53be592683365a8,,38.0
69382000AV0043_09ed7448054be4e,"[ ""1946"" ]",56.0
69382000AZ0033_bc0aaef98d44bb5,,44.0
69382000BC0018_a7d0e73193bd862,"[ ""1961"" ]",27.0
69382000AZ0089_42180474350e8b4,"[ ""1996"", ""2016"" ]",152.0
69383000BL0029_5a9a4745b240151,,12.0
69383000AL0023_f5b22339d2b4d89,,16.0
69383000AC0047_153700e4014ddd7,"[ ""2001"" ]",12.0
69383000AL0091_e02a4fd7b401779,"[ ""1996"" ]",150.0
69383000AI0029_1f56df220bd3c03,,9.0
69383000AN0050_014dcfd0d4dc12a,,18.0
69383000AN0084_22b8a1824e5b8ba,"[ ""2004"" ]",18.0
69383000AP0029_0df97f643cdb011,"[ ""1928"" ]",13.0
69383000AO0124_d6cb0be803901f8,,17.0
69383000AO0073_2caf6abdc26bb6e,,12.0
69383000AP0051_52a38c8db2af51e,"[ ""1998"" ]",43.0
69383000AV0048_180486e30709f96,"[ ""2005"" ]",53.0
69383000AV0041_919629fae3a377d,"[ ""1995"" ]",110.0
69383000AX0016_50a80b9ef85be5c,,20.0
69383000AV0011_8ef958d92f49239,"[ ""1994"" ]",173.0
69383000BC0100_c4c935647abc60d,"[ ""1994"" ]",37.0
69383000BK0077_4f5f0f464f47e7b,,17.0
69383000CS0058_62f9353039c3a31,"[ ""1971"" ]",14.0
69383000CZ0074_0983b6b3db47b52,"[ ""2022"" ]",0.0
69383000CZ0070_3e816b2f36edde4,,6.0
69383000DP0068_e943798c6ac2fb8,"[ ""1990"" ]",34.0
69383000DP0085_49df4a3f9ef520f,,30.0
69383000EL0020_09a33b74016104e,"[ ""1933"" ]",15.0
69383000EL0122_b7f11bbc09d91a5,"[ ""1991"" ]",28.0
69384000AO0092_53e7fc62c7e4dbf,"[ ""1955"" ]",17.0
69384000AP0050_e9a9bb9025a92c8,"[ ""1970"" ]",5.0
69384000AW0249_d058a19315533dc,"[ ""1948"" ]",5.32
69385000AE0082_02f07b389af28cb,,5.0
69385000AE0088_81c97fb68720498,,13.0
69385000AK0117_f559b1da1dbeac8,,2.56
69385000AK0118_a16642909b79d00,,1.44
69385000AP0109_9dd5ce728a0928c,,23.0
69385000AS0056_809f5e41382f063,"[ ""1965"" ]",4.0
69385000BO0198_87da5d0b63dd679,"[ ""1999"" ]",13.0
69385000BO0225_69577cb3d4afef2,,4.0
69385000BY0004_2a80ef1d61ffcb6,,7.0
69386000AK0065_afcd8396d38b8ef,"[ ""1966"" ]",37.0
69386000AK0066_b5f293e48277a02,"[ ""1966"" ]",19.0
69386000BE0004_e21c3341411de91,"[ ""1962"" ]",17.0
69386000AN0080_4baf1082c17fb6b,"[ ""2011"" ]",11.0
69386000AO0064_85b8373b7ccf0a7,,9.0
69386000AO0065_9975835c48d18f7,,6.0
69386000AS0010_c4545fcc93829f6,"[ ""1951"" ]",4.0
69386000AR0045_e653570ac6bf230,,33.0
69386000BD0032_b751bb72b6e3f33,,12.0
69386000BE0078_8f960d03efd8060,,13.0
69386000BH0161_08326635b3c08f6,"[ ""1998"" ]",22.0
69386000BK0071_0ff9ec7c68f6663,"[ ""1973"" ]",8.67
69386000BK0072_204a4a0f8c14b48,,22.0
69386000BM0013_d1b589c1aa9545b,,17.0
69387000AD0046_c0a7d3a23608ba6,,40.0
69387000AE0143_3bb824fdd1536bd,"[ ""1989"", ""1990"" ]",65.5
69387000AL0037_7d3e427a171e9cf,,97.0
69387000AM0042_319732011be0210,"[ ""1960"" ]",13.0
69387000AM0016_049b88de3d9ed7b,"[ ""1950"" ]",5.0
69387000AM0102_5ab254e507a58ce,"[ ""1994"" ]",23.0
69387000AR0023_dc01e1d1054ba9c,"[ ""1942"" ]",23.0
69387000AT0036_f91a1516fd08ced,,16.0
69387000AW0030_dae1772229f2b46,,19.0
69387000AX0079_6f00299886888cd,,16.0
69387000BD0062_981abba496c2f48,"[ ""1992"" ]",33.0
69387000BK0056_6478799b22b11cc,,16.0
69387000BK0094_d6b5dd4b74d1a3a,"[ ""1960"" ]",9.0
69387000BK0036_b7d49c65520688a,,10.0
69387000BO0182_60e9dbeb6d766f7,"[ ""2008"" ]",49.0
69387000BW0001_67fed128c5c89e8,"[ ""1950"" ]",5.0
69387000BW0003_949ef8a26e63d1f,"[ ""1960"" ]",32.0
69387000BK0301_340f4984c30538a,,76.0
69388000AE0068_d37b8366fa30bc8,,39.0
69388000AH0115_49c0f617cc7ab7c,"[ ""1985"" ]",21.0
69388000BI0123_8eec7c6f4e5541d,"[ ""1965"" ]",25.0
69388000BP0019_37ed480ea4eab1e,,3.0
69389000AP0169_0b41711d047c275,"[ ""2006"" ]",145.0
69389000BC0128_c444e7b1b67d54a,,46.0
69389000BN0010_ebe4b8a3b5ffb1c,"[ ""1957"" ]",14.0
69389000BT0085_8daf7d77e36ff8a,,11.97
69389000CE0036_498c83f7de5a1e5,"[ ""1860"", ""1965"" ]",16.0
69389000CX0234_603691a725fd110,,1.82
69389000CX0223_0aceb7395b83629,,5.59
69389000CX0232_2029a4ac2c9b406,,3.77
69389000CX0233_26c013e0e2f38fc,,1.82
uf692940251524_d88ce9a2b82c1e0,"[ ""2020"" ]",11.34
uf692940149878_88dfb7ab06ca6e6,"[ ""2020"" ]",2.34
uf693890154711_6fa0ef452f9f00e,,7.03
69089000BK0044_2e8c9a25990bd45,,4.0
69259000AI0040_9943c00e593ebb2,,16.0
69266000CO0227_cd670d528127da2,"[ ""1969"" ]",27.0
69381000AB0026_860b15937a1679c,"[ ""1964"" ]",14.0
69381000AH0005_0cb8f991105c01a,"[ ""1946"" ]",13.0
69381000AP0291_633fd33ba4643e6,,9.0
69382000AK0090_aded67131219fa8,"[ ""1927"" ]",19.0
69382000AS0016_fdca4b092625bff,,14.0
69382000AK0008_71063bc01a8ef12,,60.0
69383000AP0032_e9df1ffee18f430,,7.0
69383000AY0060_210956180d947c4,"[ ""1951"" ]",7.0
69383000AY0090_f26e5f174c6414f,"[ ""1954"" ]",16.0
69383000CH0006_0d330e4b859112f,"[ ""1957"" ]",31.0
69384000AV0030_d215c2e0eadcbb1,,15.0
69384000AW0250_ca2066b3971ec52,"[ ""1948"" ]",13.68
69385000AP0029_7ff1c9848fb387f,"[ ""1963"" ]",8.0
69386000AK0018_050c9064be6204f,"[ ""1961"", ""1956"" ]",117.0
69386000AP0111_375e6db1bee9c28,"[ ""1947"" ]",11.0
69386000BD0050_0bd5d5bc8925397,,18.0
69386000BD0156_1c27fb692f2af98,"[ ""1972"" ]",51.0
69386000BH0048_181e15257848c14,"[ ""1947"" ]",9.0
69387000AD0065_6d2659b9befd1ca,"[ ""1937"" ]",14.0
69387000AE0140_059540e6306b255,"[ ""1989"" ]",23.5
69387000AR0015_6dd6f3b6ca4d879,"[ ""1957"" ]",28.0
69387000BO0110_838654f8268b0fe,"[ ""2008"" ]",106.0
69387000BR0154_608396b68f07ecf,"[ ""1981"" ]",30.0
69387000BS0043_3a9e83bcbf9f3ae,"[ ""1914"" ]",2.0
69389000CV0014_6ce78795e112524,,3.0
69019000AE0713_c86639d81559039,"[ ""2017"" ]",0.0
690290000A0732_7d90b09f11ead9f,,30.0
69388000BS0013_75b80b5b936af06,"[ ""2019"" ]",0.0
69027000BE0069_09816dc9cca3688,"[ ""2016"" ]",32.0
690290000B2066_5c547ab5b381d8a,"[ ""2010"" ]",77.0
69034000AP0249_e928d869816e2d8,"[ ""2012"" ]",57.0
69034000AP0265_5f276de352f54c8,"[ ""2008"" ]",62.0
69034000BK0370_f471c547573f336,"[ ""2005"" ]",24.0
69069000AB0279_e2a28bdb46169dd,"[ ""2007"" ]",32.0
69069000AD0266_4c2912f257c2d73,"[ ""2007"" ]",35.15
69069000AW0366_987029576392836,"[ ""2011"" ]",18.5
69069000AW0003_d1ca211eecd72d9,"[ ""2011"" ]",18.5
69089000BK0028_1f56cfcd405c97d,"[ ""2007"" ]",55.0
69089000BR0292_1ce9c6ffeef4f65,"[ ""2002"" ]",22.0
69091000AN0227_a37c4a9e39b98ca,"[ ""2007"" ]",5.04
69149000AK0508_cbb22d597faa619,"[ ""2003"" ]",20.0
69149000AL0198_9dd28157b6e22db,,11.0
69152000AL0477_86fc07438a50e59,"[ ""2002"" ]",52.0
69204000BW0228_5815ed57c376b4d,"[ ""1988"" ]",206.0
69244000AS0497_b19bd3dbbb6df06,"[ ""2004"" ]",17.0
69244000AO0161_78ff1ff521db23a,"[ ""1999"" ]",46.0
69256000BR0559_5e8d3d0e40feef6,"[ ""2013"" ]",80.0
69264000AB0277_b7e088bf38df304,"[ ""2002"" ]",27.0
69264000AC0478_34912d7d0c6aa65,"[ ""2002"" ]",30.0
69264000AK0028_9ce67c8e671ce60,"[ ""2005"" ]",47.0
69264000AI0529_ed351a9083f10fe,"[ ""1986"" ]",11.0
69264000AK0350_2cfb9c23f446464,"[ ""2004"" ]",44.0
69264000AL0340_9de285daa701ddb,"[ ""1996"" ]",12.0
69264000AL0446_c3e6d0fadbc7856,,13.0
69264000AN0413_aad267c33b1ffbb,"[ ""2005"" ]",81.0
69264000AP0024_5653614c1fd5720,"[ ""2002"" ]",52.0
69266000AN0144_d0bc6af65873e40,"[ ""2014"" ]",63.0
69266000AT0285_a6abc74fb6dfd6f,,31.0
69266000AI0252_85032272aa62757,"[ ""2006"" ]",61.0
69266000BC0557_8f0c44aa67b2662,"[ ""2004"" ]",37.0
69266000BE0170_5edd6dd5493d811,"[ ""1963"" ]",0.0
69266000BE0269_4dbbb9a12f95b06,,69.0
69266000BE0369_a1a80c426dfeac2,"[ ""2010"", ""2001"" ]",336.0
69266000BI0029_25aba98a64fb56a,"[ ""1975"" ]",111.0
69266000BM0125_2595a012feaaa1e,"[ ""1996"" ]",36.0
69266000BN0180_5cd24167319319a,"[ ""1940"", ""1959"" ]",10.08
69266000BO0086_1e4c99946dbc2c8,"[ ""2003"" ]",47.0
69266000BV0098_a704b8bd9be580a,"[ ""2011"" ]",80.25
69266000CK0053_17c9b70217f147a,,7.0
69266000CL0308_de796db7c8bb62c,"[ ""2008"", ""2007"" ]",230.0
69266000CM0138_47088c0d968283a,"[ ""2010"" ]",169.0
69266000CN0132_26794e1b9dd7585,,46.0
69275000AY0275_adbde79b780a014,"[ ""2011"" ]",38.0
69278000AI0523_ea9e1f301c04af7,"[ ""1998"" ]",14.0
69286000BH0254_d783e7fa6c0e84a,"[ ""2001"" ]",16.0
69290000CN0001_4e3e5e650b945c4,"[ ""2014"" ]",48.0
69290000CW0615_8dbe44f29857295,,49.0
69294000AM0206_f69a81f7ade93f8,"[ ""2013"" ]",18.0
69382000AL0015_a2a63f70c0bfc49,,9.0
69382000AP0006_47b070850b985d9,"[ ""2015"" ]",48.0
69383000AB0079_c598d57789f5ee3,,112.0
69383000AO0064_563fd83d5fce81b,"[ ""1958"" ]",22.0
69383000AZ0223_dcee2b0cb9374f2,"[ ""2001"" ]",124.0
69383000AZ0215_3bca192ff774235,,84.0
69383000DT0052_75dc3a1be4be537,"[ ""2005"" ]",27.0
69383000BI0059_cd0159de70e7a12,"[ ""1988"" ]",74.0
69383000CV0030_48da108bd56c8c0,"[ ""2011"" ]",28.0
69383000DH0007_c15d9b1bfd00cb3,"[ ""2016"" ]",33.0
69383000CX0055_bbbb1fbf8a72eae,"[ ""2015"" ]",9.0
69383000DT0090_dc784f8f04e19aa,"[ ""1992"" ]",38.0
69383000DZ0087_f90f4f41736320c,"[ ""1986"" ]",46.0
69384000AD0161_aec1ee85fab4b80,"[ ""1998"" ]",38.0
69385000BD0077_ebd732dcf06ad65,"[ ""2003"" ]",37.0
69386000BE0123_3ae3ec650dcf9c9,"[ ""1962"" ]",0.0
69386000BM0131_93d16b9bfefc2d4,,13.0
69387000AI0020_53ab43f92e5d016,"[ ""1989"" ]",89.0
69386000BL0037_f54ee6f0294b612,,32.0
69387000AT0034_817e3df0ff133ab,"[ ""1996"", ""1956"" ]",60.0
69387000BK0122_2a5fa71ab5e85ca,"[ ""2019"" ]",64.0
69387000BO0054_429758724da88b7,"[ ""2006"" ]",30.0
69387000BR0142_f15e045743470cb,,56.0
69388000AD0018_a0691fabc1b6383,,6.0
69388000BN0022_7cb298a808359c7,"[ ""2003"" ]",33.0
69388000BX0097_5401def69488bf4,"[ ""2011"" ]",29.0
69388000CI0367_a12bd8dc8182a64,"[ ""1980"" ]",17.0
69388000BS0051_1d509f673f3de70,"[ ""1994"" ]",208.0
69389000AM0039_f4f340c74ad6152,,13.0
69388000BV0055_9790c9711c4f6e2,"[ ""2004"" ]",67.0
69388000BX0092_6fb676879c31e4e,,53.0
69389000BP0167_f94acfc685e48cd,"[ ""1997"" ]",50.0
69389000BP0203_8503e37a779d97d,,48.0
69389000BP0219_76071312cc78726,"[ ""1998"" ]",67.0
uf692440117875_d604c112c8aa9bf,"[ ""2012"" ]",21.0
69009000AM0247_780d3ed94482a33,"[ ""2006"" ]",18.0
690290000C1953_19fbf1157f68dd1,,0.0
690290000C1953_0cb63bd3230bb9a,,17.0
690290000C1953_9392ca47dfe128a,,0.0
690290000F1578_d88007db1333d2b,"[ ""1972"" ]",18.0
690290000F1169_bf3ebda4e3ca320,"[ ""1995"" ]",14.06
690290000F1578_05d8bc5d5b22c9c,"[ ""1972"" ]",0.0
690290000F1169_abbe0546362add4,"[ ""1995"" ]",22.94
69034000BE0039_8354ea7af893609,"[ ""1960"" ]",0.0
69034000BE0039_a87f8af976cc7c6,"[ ""1960"" ]",0.0
69034000BK0354_92192c26d676dec,"[ ""1965"" ]",30.5
69034000BK0354_b4de90ecee96bc6,"[ ""1965"" ]",30.5
69040000AI0310_9574ab4edba6530,"[ ""1957"" ]",1.0
69040000AI0310_03a5c398a357b5d,"[ ""1957"" ]",19.0
69040000AI0310_edc8597e2108eb7,"[ ""1957"" ]",0.0
69040000AI0310_29aae75096d5937,"[ ""1957"" ]",30.0
69040000AH0264_dfa2855df27a4cf,"[ ""1981"" ]",10.0
690810000D1027_952c55dd8cdc17f,"[ ""1969"" ]",100.5
69115000AB0117_4f0d0bfb2c29fb5,"[ ""1963"" ]",0.0
69149000AL0226_399bc6263345fae,,8.28
69149000AL0226_ec73adba8b1714a,,3.72
69149000AS0138_c48236f4ba5e51f,,12.0
69202000AE0361_f0e0029f77d1fd0,"[ ""1998"" ]",20.0
69202000AE0361_2c34d2ef00bbcf9,"[ ""1998"" ]",20.0
69204000AT0263_ab6d0d6e766839d,"[ ""2003"", ""2004"" ]",36.0
69204000AT0263_c12fb29787af65f,"[ ""2003"", ""2004"" ]",25.2
69244000AP0201_2690191c7909f22,"[ ""2008"" ]",28.08
69244000AP0201_3be29c29c6928ca,"[ ""2008"" ]",75.92
69244000AS0166_70d47492a680eaf,,7.04
69244000AS0166_4c29b14681bfe59,,1.04
69244000AT0145_d417ea6f81296e8,"[ ""1968"" ]",0.0
69244000AT0145_8e0532a0294c7ae,"[ ""1968"" ]",132.0
69259000BL0102_698535325b3ec55,"[ ""2002"" ]",13.0
69259000BL0102_8e9d0f7969aa60c,"[ ""2002"" ]",0.0
69264000AB0278_c42122b1ffe1b38,"[ ""2001"" ]",36.0
69264000AC0648_79b038fde4d63ef,"[ ""2003"" ]",1.0
69264000AN0116_9477573cec1ec1a,,2.5
69264000AC0703_0e547125d786325,"[ ""2004"" ]",25.67
69264000AL0202_b54758d1a6c7d4f,"[ ""1971"" ]",0.0
69264000AL0202_b1d4df1e34a7035,"[ ""1971"" ]",3.0
69264000AK0071_9e72701dd966f37,,71.0
69264000AK0271_0811f83d4ca192f,"[ ""2000"" ]",18.0
69264000AL0156_9aebe5dd2dbcfdc,"[ ""1966"" ]",29.0
69264000AN0035_35ce019b7354402,"[ ""1992"" ]",25.0
69264000AN0116_7dfa703c73b8427,,2.5
69264000AP0132_d8da3af3c518cdd,"[ ""1964"" ]",8.0
69264000AP0132_36ebc4c696de73b,"[ ""1964"" ]",0.0
69266000CC0104_5c6232ac65c14dd,"[ ""1970"" ]",0.0
69266000BE0111_173f277058b18cd,,21.12
69266000BE0111_50df9613f217668,,0.88
69266000BL0323_774300a422d03de,,0.98
69266000BL0323_65f37b1b1e08fb5,,6.02
69266000BN0131_7ef0d8c1afb5caf,"[ ""1953"" ]",8.0
69266000BP0114_bd932724aeae303,"[ ""1959"" ]",20.0
69266000BR0166_80ff558a0d384b3,,39.0
69266000CC0104_5f6d94f77928aaa,"[ ""1970"" ]",0.0
69266000CI0085_b0cccec75422f12,"[ ""2006"" ]",23.04
69266000CI0085_0197ce5ed42542c,"[ ""2006"" ]",40.96
69266000CM0066_d696668e04d01a8,,0.0
69266000CM0066_7197290019f5735,,24.0
69288000AB0022_462db90c7d05ff4,"[ ""1973"" ]",22.0
69290000DE0705_7a4a8c97a9aa6ce,"[ ""1978"" ]",28.0
69290000DE0705_f87a3b9609c7803,"[ ""1978"" ]",0.0
69292000AI0058_aa11dbd25bedec2,"[ ""2012"" ]",32.0
69293000AE0433_a594a574ebc2102,"[ ""2008"" ]",10.0
69381000AB0031_2361d07ab590c69,,0.0
69381000AB0031_54aa433244a2129,,68.0
69381000AV0034_1d8f133447491d3,,8.5
69381000AM0058_b03d0d5ee112a49,,22.0
69383000AT0022_db095eb001d521e,"[ ""1998"" ]",22.5
69383000BH0031_13416445677a530,"[ ""1988"" ]",59.0
69383000BK0036_5c23558553fd1fd,,19.2
69383000BK0036_2fd736d93d377f6,,2.0
69383000BK0036_87a8efafb3e5c70,,0.0
69383000BK0036_a551f596dcadd4c,,0.0
69383000BK0036_4d0f7c0aaa37f70,,19.2
69383000BK0042_d2aff23e7dfa547,"[ ""2011"" ]",3.99
69383000BK0042_36720d60729972b,"[ ""2011"" ]",11.4
69383000BK0042_eee7142dfe867c4,"[ ""2011"" ]",15.39
69383000AZ0188_2f26bc04607278c,"[ ""1989"", ""1991"" ]",151.0
69383000BE0053_35bc971f4e22a80,"[ ""1999"" ]",29.0
69383000BE0053_e54456669479f57,"[ ""1999"" ]",29.0
69383000BK0042_fc0cb3790eb70f1,"[ ""2011"" ]",26.22
69383000CN0115_f0be8b5229e2b64,,19.0
69383000CN0115_d5448a5c3a0c64e,,0.0
69383000DR0065_23611b1cf2e7c70,"[ ""1991"" ]",12.0
69384000AI0022_78e82f504321044,"[ ""1981"" ]",63.0
69385000BK0090_a2135639fa21c63,"[ ""1990"" ]",1.0
69385000BR0003_77a87a4763225a1,"[ ""1973"" ]",36.0
69385000BR0003_3f9b243b193ff67,"[ ""1973"" ]",0.0
69386000AP0083_40d2ea8f6651bc2,,6.84
69386000AP0083_bf2fa5fe1ebecb7,,2.16
69387000AD0086_2c03c3738cde4db,"[ ""1989"" ]",98.0
69387000AL0081_cb8c27e38b9e382,,11.0
69387000AE0098_dea57feb1a3319e,"[ ""1989"" ]",24.5
69387000BI0127_6949bdc82e4aec2,"[ ""1998"" ]",41.6
69387000BI0127_585f40221e2d4b1,"[ ""1998"" ]",10.4
69387000BO0126_2d14fd26e4cb65d,"[ ""2008"" ]",98.0
69387000BO0126_aef998ec2f6dc64,"[ ""2008"" ]",29.0
69387000BS0134_cf9bfdef789c1b5,,23.0
69387000BW0107_35c13f10f468587,"[ ""2001"" ]",26.5
69387000BT0065_62ea6f499c7f336,"[ ""2004"" ]",23.0
69387000BW0107_cdc75a4d62527cc,"[ ""2001"" ]",26.5
69388000BL0006_b864aba22190597,"[ ""2009"" ]",21.0
69388000CD0011_a1010ac02f43db5,"[ ""2014"" ]",41.33
69388000BX0027_1a315f8e3331990,"[ ""2008"" ]",28.5
69389000AZ0055_7bdfe7608cb81fa,"[ ""2009"" ]",46.33
69389000BI0049_98e63ded74528f8,"[ ""2013"" ]",20.67
69389000BM0093_62be30240af8a9a,"[ ""2008"" ]",9.0
uf692660132314_7d4cc5774978bff,,15.4
uf693880154264_f52a9b976cd0e90,"[ ""1978"" ]",0.0
uf693880154264_ce80eac62a5965d,"[ ""1978"" ]",3.44
uf693880154264_74a4f641196327e,"[ ""1978"" ]",4.56
69019000AE0714_7862b06bbc0db4c,"[ ""2017"" ]",30.0
690290000D1263_ff9bc863349b3e0,"[ ""1996"" ]",0.67
69034000AC0296_bb8a6d5e11db5d2,"[ ""1978"" ]",43.0
69034000AX0386_eacd0ed590b7d85,"[ ""1966"" ]",111.0
69034000AX0389_7e181542d82b4f5,"[ ""1978"" ]",100.0
69044000AE0051_2e9cce0056f8338,"[ ""2016"" ]",9.0
69069000AI0053_8a8be8307f24208,"[ ""2010"" ]",8.25
690810000D1014_577ebff78e35934,"[ ""1966"" ]",53.5
69091000AN0228_f4be60739980fc5,"[ ""2007"" ]",12.96
69092000AP0144_2f6fbaabd898665,"[ ""2010"" ]",11.0
69100000BH0106_876286b7c346f71,"[ ""1969"" ]",110.0
69127000AH0005_b6268578fc53578,,60.0
69149000AK0004_c71328ffa49df35,"[ ""1979"" ]",55.0
69149000AH0046_5992f5279d57c7a,"[ ""1957"" ]",422.0
69149000AL0033_0805a021178bf50,"[ ""1965"" ]",38.0
69152000AH0315_5ab044b9b3a208d,"[ ""2011"" ]",144.0
69202000AD0143_06bdc184282bb52,"[ ""1977"" ]",46.0
69202000AD0260_81b902857d5f17a,"[ ""2012"" ]",16.0
69202000AE0040_ae551e01245b454,"[ ""1962"" ]",30.0
69202000AE0364_7f397eea1733ad5,"[ ""1998"" ]",18.0
69202000AE0216_09a1f565fab273b,,32.0
69202000AY0240_8932c028aae8897,,186.0
69202000AS0126_08cdbc0d9a499a7,"[ ""1964"" ]",59.0
69204000BH0223_bb376b4168e012c,"[ ""1964"" ]",64.0
69204000CB0019_78878591cdc50f5,,38.67
69204000CE0024_ac811938812d852,"[ ""1984"" ]",61.0
69244000AO0155_202826a02fbff92,"[ ""1972"" ]",37.0
69244000AP0057_deba10cd0e7d949,"[ ""1970"" ]",57.0
69256000BD0250_fae668f5bb9ff5b,"[ ""1999"", ""2000"" ]",42.0
69259000AA0194_c34176e4c1197a1,"[ ""2020"" ]",97.0
69264000AL0336_d47ef4ddf13ca43,"[ ""1980"" ]",14.0
69264000AL0211_ec04461acde3bf2,"[ ""1984"" ]",45.0
69264000AN0427_0a6f3d516c488ef,"[ ""1989"" ]",14.0
69264000AN0331_8d81124a8115316,"[ ""1966"" ]",156.0
69264000AN0366_f64b530a4a1bfb7,"[ ""1970"" ]",10.0
69266000BA0215_89a51175041b4d8,"[ ""1966"" ]",36.0
69266000BK0121_fbeef6de3374368,"[ ""1954"" ]",29.0
69266000BC0245_aca187151f5c7cb,"[ ""1961"" ]",124.0
69266000BE0089_392b154505f1bd9,,38.0
69266000BE0215_4ee95d639782d83,"[ ""1962"" ]",7.75
69266000BM0033_214ffae1c54a032,"[ ""1956"" ]",43.0
69266000BN0179_4490e6b68aa82d8,"[ ""1963"" ]",18.7
69266000BT0249_5e20ff39c6a3e65,"[ ""1975"" ]",218.0
69266000BW0115_7b0c6e138a473c6,"[ ""1965"" ]",48.0
69266000CM0098_70a83a958a76682,"[ ""2017"" ]",62.0
69268000AO0454_568af96bd418c13,"[ ""2017"" ]",35.0
69275000AT0005_2c3bf9dee5eac12,"[ ""2007"" ]",87.0
69286000AL0231_96058d13d22ae5a,"[ ""2015"" ]",47.0
69290000CM0185_c8a1b2a579c263c,"[ ""2019"" ]",111.0
69290000CL0147_a2924ea78f75a55,"[ ""1967"" ]",824.0
69290000CW0652_df01182609ec052,"[ ""2012"" ]",24.5
69290000DE0662_7855601472cb608,"[ ""2015"" ]",28.0
69290000EH0233_55ffeb510358182,"[ ""2016"" ]",32.0
69295000AK0118_1fcd3fe06c47780,"[ ""2015"" ]",41.0
69382000AL0004_d5f73928bacac01,"[ ""1959"" ]",14.0
69382000AP0007_a9e5e3719b6f379,"[ ""2016"", ""2015"" ]",178.0
69382000AW0117_d1279a0ffb7f29f,"[ ""1901"", ""1973"" ]",20.0
69382000BC0166_00bf364ad01dd89,"[ ""2007"" ]",99.0
69382000AZ0194_0ffe6a708cefdc4,"[ ""2000"", ""2013"" ]",268.0
69383000AE0124_5b83d411c7c0b97,,103.0
69383000CS0010_4e9e05776b80ba0,,21.0
69383000DE0068_b78fd60cd85e139,"[ ""1986"" ]",11.0
69383000DN0075_38e616f9235b750,"[ ""2016"" ]",14.0
69383000DT0043_08e37675756c830,"[ ""2002"" ]",29.0
69383000DY0023_d0cd677a8529a8b,"[ ""2016"" ]",25.0
69384000AC0092_6a4bb71a036bc2e,,0.0
69384000AO0054_52c7bd08c3478e7,,18.0
69385000AY0127_1bc403c2f72cbff,"[ ""1960"" ]",45.0
69385000BI0188_c808a3cee3df8e4,"[ ""2013"" ]",33.0
69385000BO0175_1355d41901a2e3a,"[ ""1966"" ]",19.0
69385000BK0070_4a6e5100b529ca8,"[ ""1989"" ]",30.0
69385000BK0087_3074af237f304d4,"[ ""1961"" ]",60.0
69385000BN0105_a28af00974c770e,"[ ""1987"" ]",31.0
69386000AK0098_c384a96d896f8f7,"[ ""1956"" ]",4.5
69386000AR0046_c3a72ea03bd855b,,35.0
69386000AS0034_11751a39c3dc903,,40.0
69386000AS0114_fb8a93e34b58ce0,"[ ""2007"" ]",114.0
69386000AX0094_6ec0e45f5b72660,,14.0
69386000BD0143_5f864acdcdf0fa4,"[ ""1997"" ]",163.0
69387000AE0130_1b93a61b9a6b442,"[ ""1994"" ]",61.0
69387000AI0016_d09253555097a84,"[ ""1977"" ]",120.67
69387000AZ0073_5f39153968b975f,,77.0
69387000BL0013_58fb959f4e672de,,110.0
69387000BK0290_9d58857ddda7f49,"[ ""2013"", ""2011"" ]",203.0
69387000BO0112_a0a39992585f023,"[ ""2005"", ""2004"" ]",156.0
69387000BS0101_82d6aa9adcec5e2,"[ ""2006"" ]",136.0
69387000BY0002_5c748be7f75390b,"[ ""2008"" ]",65.0
69387000BZ0144_586f2638ba3419f,"[ ""1990"" ]",95.0
69388000AM0087_c1d186228a536ec,,59.0
69388000BI0221_0e1c6d1465169e8,,37.0
69388000BN0097_fc8b24e632b0d76,,23.0
69388000BX0125_915dbb4f3685343,"[ ""2011"", ""2013"", ""2012"" ]",177.0
69388000BV0068_a02a8fb3bb162b0,"[ ""1966"" ]",86.0
69388000CK0040_c7e5d82ede06246,"[ ""1973"" ]",156.0
69389000BS0062_b875b87c9cfb95b,,17.0
uf690690034702_227d7a151bcc61a,"[ ""2010"" ]",3.83
uf692830142634_f345a5add296ec9,"[ ""2012"" ]",58.0
uf693820152347_50ddfd71bcad815,"[ ""2012"", ""2011"", ""2014"" ]",28.0
