batiment_groupe_id,code_departement_insee,code_commune_insee,libelle_commune_insee
01427000AD0154_08829cdb88adc35,1,1427,Trévoux
01376000AC0574_9225f70748067b8,1,1376.0,Saint-Maurice-de-Beynost
01427000AH0633_8424cc68f9a8d6b,1,1427.0,Trévoux
uf011940318933_2338a51f0121d69,1,1194.0,Jassans-Riottier
01427000AD0251_1fe8af3f3b10911,1,1427.0,Trévoux
uf012490321960_4c850b7ee230e4e,1,1249.0,Miribel
01249000AE0489_b48f9fc7ada9831,1,1249.0,Miribel
03310000AX0095_404e1dd219b92ad,3,3310.0,Vichy
38138000AE0793_c77fd1d2db2f4d4,38,38138.0,Crémieu
38193000DE0359_8bbd279f08ff777,38,38193.0,L'Isle-d'Abeau
385430000C0982_acad9d0239da1de,38,38543.0,Vézeronce-Curtin
385430000C1120_5347429e9f8e080,38,38543.0,Vézeronce-Curtin
uf380530027227_bfcd5d479b3af86,38,38053.0,Bourgoin-Jallieu
38544000BH0016_57d34614b20c5b8,38,38544.0,Vienne
38537000AD0562_97ac671c086891d,38,38537.0,La Verpillière
uf380870407538_da6fab480c3857a,38,38087.0,Chasse-sur-Rhône
42218000MW0090_da73742fc610f44,42,42218.0,Saint-Étienne
42218000HT0021_b9a0c8085f6b03a,42,42218.0,Saint-Étienne
63032000BC0354_2590497663d8d04,63,63032,Beaumont
63075000AC0658_c168bf0e949faf9,63,63075,Chamalières
63075000AD0329_9929ff6c52acf52,63,63075,Chamalières
63075000AE0375_91cb49ca9465798,63,63075,Chamalières
63075000AL0263_ecd217cd44998e4,63,63075,Chamalières
63075000AN0236_a0ef68e4cd05e78,63,63075,Chamalières
63080000ZM0342_292d9840369d6fd,63,63080,Champeix
63103000AM0523_eb0e9f9a6aaa03c,63,63103,Châtel-Guyon
63113000BY0275_32ca5c81c698d8c,63,63113,Clermont-Ferrand
63113000BZ0010_5af42d54ab33d4f,63,63113,Clermont-Ferrand
63113000EY0316_7fe47564094a2d3,63,63113,Clermont-Ferrand
63113000HO0320_26f80cbc4130226,63,63113,Clermont-Ferrand
63113000HO0341_0fc8c292b45a357,63,63113,Clermont-Ferrand
63113000HP0330_360fa334fb3ea3a,63,63113,Clermont-Ferrand
63113000HP0591_c9f1caa0ea972fb,63,63113,Clermont-Ferrand
63113000HR0019_1441e87fd333790,63,63113,Clermont-Ferrand
63113000HT0137_91c9253a057c9e5,63,63113,Clermont-Ferrand
63113000HV0038_3aef299b0822881,63,63113,Clermont-Ferrand
63113000HV0040_c990b96f1d53000,63,63113,Clermont-Ferrand
63113000HV0044_d0a8fc0bd874f84,63,63113,Clermont-Ferrand
63113000HV0083_1d51e7a5c2f5399,63,63113,Clermont-Ferrand
63113000HV0118_bdabca173dab77f,63,63113,Clermont-Ferrand
63113000HV0119_3e3a63068b549e6,63,63113,Clermont-Ferrand
63113000HW0132_639450293b40c63,63,63113,Clermont-Ferrand
63113000HW0246_a9199d5f9e2b3a6,63,63113,Clermont-Ferrand
63113000HW0236_56c9ab64117e7bc,63,63113,Clermont-Ferrand
63113000HW0351_3b5ecbdf3b5dcff,63,63113,Clermont-Ferrand
63113000HW0301_72f844ee9913601,63,63113,Clermont-Ferrand
63113000HW0306_2565db5c6a36e1b,63,63113,Clermont-Ferrand
63113000HW0327_8d02dee12023a1d,63,63113,Clermont-Ferrand
63113000HV0157_5cc29fc7fa0a417,63,63113,Clermont-Ferrand
63113000HY0110_ab9dc523d14a70f,63,63113,Clermont-Ferrand
63113000HY0074_303279d3c5972c2,63,63113,Clermont-Ferrand
63113000HZ0039_c5b41b342440259,63,63113,Clermont-Ferrand
63113000HZ0048_066475e933ac405,63,63113,Clermont-Ferrand
63113000IK0163_2506224a78cae74,63,63113,Clermont-Ferrand
63113000IR0264_93e77817921c836,63,63113,Clermont-Ferrand
63113000IT0183_ef3b3dd215c4623,63,63113,Clermont-Ferrand
63113000HV0164_9f46efbe0228cef,63,63113,Clermont-Ferrand
63113000IV0132_50d1312b76266ee,63,63113,Clermont-Ferrand
63113000IT0422_a4cb436465a593d,63,63113,Clermont-Ferrand
63113000KM0054_73b08c4672face8,63,63113,Clermont-Ferrand
63113000KP0010_250c40eee8d11b2,63,63113,Clermont-Ferrand
63113000LR0399_a57c4191b4fb560,63,63113,Clermont-Ferrand
63113000LY0483_378410582013f40,63,63113,Clermont-Ferrand
63124000BA0333_dd5d4f322445f23,63,63124,Cournon-d'Auvergne
63124000BR0572_7ce14afc363d3fe,63,63124,Cournon-d'Auvergne
63178000AB0446_f056531af1b8b11,63,63178,Issoire
63178000AC0071_d28cdcfe59b2f34,63,63178,Issoire
63178000AC0055_f1905113049e71a,63,63178,Issoire
63178000AC0116_f8f6f98a4142d43,63,63178,Issoire
63178000AB0399_85c2794b7ccd829,63,63178,Issoire
63178000AD0275_8300d8cd0d52d08,63,63178,Issoire
63178000AE0096_68fa768b0b8c585,63,63178,Issoire
63178000AI0091_8559a662624cd6c,63,63178,Issoire
63178000AK0065_c5f90c2d6591e51,63,63178,Issoire
63178000AL0368_974b70911f8afad,63,63178,Issoire
63178000AM0286_4d81f2687d6fa82,63,63178,Issoire
63245000AM0754_312938a2eaf9d80,63,63245,Mozac
63245000AP0133_15ac6a632e5f583,63,63245,Mozac
63300000AV0139_109460128b1a867,63,63300,Riom
63300000BT0243_f6e8ff8728f0de2,63,63300,Riom
63300000BW0222_bc8f564681ba98a,63,63300,Riom
63300000BW0076_28ef05c0ec96628,63,63300,Riom
63300000BW0167_c5471718a546586,63,63300,Riom
63300000BX0015_afb08a2bfcf317d,63,63300,Riom
63300000BX0065_cecdce94689d8ae,63,63300,Riom
63300000BX0110_b4f289ceafc1a3f,63,63300,Riom
63300000BX0180_34afdb07c025160,63,63300,Riom
63300000BZ0128_2bab59636400398,63,63300,Riom
63300000CE0180_7fd65f9bd2fa00b,63,63300,Riom
63300000CD0231_4c01e3998d22e09,63,63300,Riom
63300000CD0233_059a42ac743aa28,63,63300,Riom
63308000AI0123_0d91b87e5c5748a,63,63075.0,Chamalières
63308000AI0437_12a40486d3199dc,63,63308.0,Royat
63308000AI0566_ed7c8d745f645c2,63,63308.0,Royat
uf631780311064_f7baa1e4e3f601a,63,63178.0,Issoire
63113000ES0112_ed7a8cc4f058de9,63,63113.0,Clermont-Ferrand
63113000EV0016_6359a8a7cb2ccc5,63,63113.0,Clermont-Ferrand
63113000HW0318_8eb08b3bd98780a,63,63113.0,Clermont-Ferrand
63113000IT0180_38729015a73c658,63,63113.0,Clermont-Ferrand
63178000AB0457_b579a017ba63a0c,63,63178.0,Issoire
63178000AC0095_4d53946f64a8dc8,63,63178.0,Issoire
63178000AH0084_e203d03eefb50a2,63,63178.0,Issoire
63178000AE0112_e0e2b94f3d25c64,63,63178.0,Issoire
63178000AZ0049_6d882c487770e92,63,63178.0,Issoire
63300000BW0572_9e4f29eb82ccdaf,63,63300.0,Riom
63113000HP0088_d24e70a99ffe60f,63,63113.0,Clermont-Ferrand
63178000AI0157_0c69b094c43019f,63,63178.0,Issoire
uf632450129838_514e54b22899d2d,63,63245.0,Mozac
63075000AI0537_885161039fd16fc,63,63075.0,Chamalières
63113000AI0205_22323e49761cdb6,63,63113.0,Clermont-Ferrand
63113000AM0057_5beeb9fd3cee93c,63,63113.0,Clermont-Ferrand
63113000BZ0036_1e9084fb334d5b4,63,63113.0,Clermont-Ferrand
63113000EN0076_e294146fc0b9fce,63,63113.0,Clermont-Ferrand
63113000EO1246_6009e3c3b8bb021,63,63113.0,Clermont-Ferrand
63113000EN0286_70c8f1f4788f191,63,63113.0,Clermont-Ferrand
63113000EP0058_099b3058c775d73,63,63113.0,Clermont-Ferrand
63113000ET0059_41ffce4a1b80096,63,63113.0,Clermont-Ferrand
63113000ET0359_67ec27348ab7374,63,63113.0,Clermont-Ferrand
63113000EV0190_e3708b934e0fc6a,63,63113.0,Clermont-Ferrand
63113000EY0317_b1c200b61bb37e9,63,63113.0,Clermont-Ferrand
63113000HL0133_4b97000dc09a5a6,63,63113.0,Clermont-Ferrand
63113000HM0231_21f5bedf02d0288,63,63113.0,Clermont-Ferrand
63113000HO0311_53bbf8cf20c58a9,63,63113.0,Clermont-Ferrand
63113000HP0493_c96df6fb8603343,63,63113.0,Clermont-Ferrand
63113000HW0089_669f0f713a8be0c,63,63113.0,Clermont-Ferrand
63113000HW0107_fd80af8b5ef6f32,63,63113.0,Clermont-Ferrand
63113000HW0163_ecebe6927ed4207,63,63113.0,Clermont-Ferrand
63113000HW0365_745e197bdd7adbc,63,63113.0,Clermont-Ferrand
63113000HV0075_d652e184c52ffaa,63,63113.0,Clermont-Ferrand
63113000HR0178_0496a3762417657,63,63113.0,Clermont-Ferrand
63113000IS0252_9770af300e2612e,63,63113.0,Clermont-Ferrand
63113000IT0027_edbdcc9455ec027,63,63113.0,Clermont-Ferrand
63113000IR0246_d89a26a05ff038b,63,63113.0,Clermont-Ferrand
63113000IT0414_f24e61129dc7e15,63,63113.0,Clermont-Ferrand
63113000KP0335_3b36c8e7b4f6b5d,63,63075.0,Chamalières
63113000LP0100_e3562acd4bcd841,63,63113.0,Clermont-Ferrand
63113000LN0014_675bcba5acc0538,63,63113.0,Clermont-Ferrand
63113000LO0627_3bd3085f9f4c11a,63,63113.0,Clermont-Ferrand
63113000LS0276_2d85f6baf5b1189,63,63113.0,Clermont-Ferrand
63113000LX0267_5832a61ff57540b,63,63113.0,Clermont-Ferrand
63124000AZ0151_636ba1cc6aa0a62,63,63124.0,Cournon-d'Auvergne
63124000BS0335_bbf497252be4fa8,63,63124.0,Cournon-d'Auvergne
63178000AC0199_783281ff513766f,63,63178.0,Issoire
63178000AT0263_2089fd972db0ef4,63,63178.0,Issoire
63178000AY0165_e3a5e844ca7cee1,63,63178.0,Issoire
63236000AC0463_36617d50d9bb241,63,63236.0,Mont-Dore
63300000BY0071_375faab58346d0c,63,63300.0,Riom
63300000BW0557_52d29812bf20139,63,63300.0,Riom
63300000BX0164_16800eea540e345,63,63300.0,Riom
63019000AD0688_bd56191e9a8b37f,63,63019.0,Aulnat
63032000BB0118_cae77a0e03e52e4,63,63032.0,Beaumont
63032000BB0118_b811ab663cc5739,63,63032.0,Beaumont
630700000C1311_d55fb17e98fb646,63,63070.0,Ceyrat
63069000AL0404_2eb00da6b1d3cfd,63,63069.0,Le Cendre
630700000C1311_094d57671782e4b,63,63070.0,Ceyrat
630700000C1311_5f44317e3c31e29,63,63070.0,Ceyrat
63069000AL0404_857fd6e7435b53c,63,63069.0,Le Cendre
63069000AL0404_fdb64f24978e358,63,63069.0,Le Cendre
63075000AI0121_f696fe193bbc6da,63,63075.0,Chamalières
63075000AI0121_c73b1483bfb8ca7,63,63075.0,Chamalières
63075000XA0455_3e3e82832f431bc,63,63075.0,Chamalières
63075000XA0455_470cff909ed2a5d,63,63075.0,Chamalières
63075000XA0455_cbf6bd93382d659,63,63075.0,Chamalières
63113000BZ0140_89c94cf0c69cc06,63,63113.0,Clermont-Ferrand
63113000CE0063_44d5567aa6e8a1b,63,63113.0,Clermont-Ferrand
63113000CE0063_8d332bc6923688b,63,63113.0,Clermont-Ferrand
63113000EL0096_878e295d656927e,63,63113.0,Clermont-Ferrand
63113000EO0287_cd4f4b59d855f83,63,63113.0,Clermont-Ferrand
63113000EO0287_2f547a90acce9e3,63,63113.0,Clermont-Ferrand
63113000EP0011_3ef893ed56454ea,63,63113.0,Clermont-Ferrand
63113000EP0011_ac3068676342ada,63,63113.0,Clermont-Ferrand
63113000ER0016_a19027c42028d72,63,63113.0,Clermont-Ferrand
63113000ER0016_f49ea7464f0616b,63,63113.0,Clermont-Ferrand
63113000ES0079_09900a7d9f6ca29,63,63113.0,Clermont-Ferrand
63113000ES0079_aa5c97719e1c344,63,63113.0,Clermont-Ferrand
63113000EV0033_7cef4a6af90fa83,63,63113.0,Clermont-Ferrand
63113000EV0287_018898ae769af79,63,63113.0,Clermont-Ferrand
63113000EW0030_db305d904da4d04,63,63113.0,Clermont-Ferrand
63113000EW0030_9e79ee56af40ba5,63,63113.0,Clermont-Ferrand
63113000EW0030_7008719a8d7d870,63,63113.0,Clermont-Ferrand
63113000EY0308_7b5fac0aab72ede,63,63113.0,Clermont-Ferrand
63113000EY0308_a76c8b18162bea0,63,63113.0,Clermont-Ferrand
63113000EX0156_bfe3ae74230c7f2,63,63113.0,Clermont-Ferrand
63113000EX0156_e3d5cecd55a5089,63,63113.0,Clermont-Ferrand
63113000EX0156_3c8e2122bb06216,63,63113.0,Clermont-Ferrand
63113000HP0143_05a0e57c435f9b5,63,63113.0,Clermont-Ferrand
63113000HP0143_5124087453b7f68,63,63113.0,Clermont-Ferrand
63113000HR0186_671f728afe2e454,63,63113.0,Clermont-Ferrand
63113000HV0161_beccb067b940586,63,63113.0,Clermont-Ferrand
63113000HW0118_456bb98b937ffb1,63,63113.0,Clermont-Ferrand
63113000HW0118_897405828450bc5,63,63113.0,Clermont-Ferrand
63113000IL0188_e310bc8407550fc,63,63113.0,Clermont-Ferrand
63113000IL0188_74cf996c8c85488,63,63113.0,Clermont-Ferrand
63113000IT0024_72a8f669f514ef7,63,63113.0,Clermont-Ferrand
63113000IT0024_78f5f961a8c3c98,63,63113.0,Clermont-Ferrand
63113000IZ0153_1136dddbed3e6db,63,63113.0,Clermont-Ferrand
63113000KL0214_811efdd22e60d94,63,63113.0,Clermont-Ferrand
63113000KL0214_c73a1d7f9c60908,63,63113.0,Clermont-Ferrand
63113000KM0040_628a946d8e834a0,63,63113.0,Clermont-Ferrand
63113000KM0040_1d65a646337744f,63,63113.0,Clermont-Ferrand
63113000KM0040_8e0da770c7d0ea1,63,63113.0,Clermont-Ferrand
63113000KN0040_1a0815741cb962b,63,63113.0,Clermont-Ferrand
63113000KN0075_3439f06ace51071,63,63113.0,Clermont-Ferrand
63113000KN0075_2f11632c116d485,63,63113.0,Clermont-Ferrand
63113000LN0101_78af095bec87646,63,63113.0,Clermont-Ferrand
63113000LO0336_b7d0002446ba448,63,63113.0,Clermont-Ferrand
63113000LO0336_112184ebfe54866,63,63113.0,Clermont-Ferrand
63113000LO0264_496ece76c636534,63,63113.0,Clermont-Ferrand
63113000LO0264_2e208669526b3fb,63,63113.0,Clermont-Ferrand
63113000KR0364_677eb9fd05845ab,63,63113.0,Clermont-Ferrand
63113000KR0364_ab685373e574cce,63,63113.0,Clermont-Ferrand
63124000AN0275_700dca626aaa355,63,63124.0,Cournon-d'Auvergne
63124000AN0275_93e6012657dc421,63,63124.0,Cournon-d'Auvergne
63124000CL0512_a4eb068ecbba0c0,63,63124.0,Cournon-d'Auvergne
63124000CL0512_691d2f77b9f4c39,63,63124.0,Cournon-d'Auvergne
63178000AC0551_3fbdd222c64af96,63,63178.0,Issoire
63178000AC0551_244203a7db03347,63,63178.0,Issoire
63178000AK0266_bad50066698945a,63,63178.0,Issoire
63178000AM0036_b4420ca320bdbb5,63,63178.0,Issoire
63178000AM0036_cf3a7e8406c4256,63,63178.0,Issoire
63178000AX0139_c69ed716446dc82,63,63178.0,Issoire
63307000AP0226_0dd701a3d833b1a,63,63307.0,Romagnat
63307000AP0223_aaf6710dec0cd68,63,63307.0,Romagnat
63307000AP0226_abeacc0b8450bfa,63,63307.0,Romagnat
63307000AP0223_99a694954078270,63,63307.0,Romagnat
63307000AP0226_23ae034f64071be,63,63307.0,Romagnat
63308000AI0087_f1325986f2db003,63,63308.0,Royat
63308000AI0087_3e1db1d334f8d8b,63,63308.0,Royat
uf631130292491_e8b0ea12dcf5b15,63,63113.0,Clermont-Ferrand
uf631130292491_ae5fbf949350d27,63,63113.0,Clermont-Ferrand
uf631780097973_399500531e79a54,63,63178.0,Issoire
63075000AH0103_3d41f5c145a1eeb,63,63075.0,Chamalières
630700000C1322_fd273d9560b5930,63,63070.0,Ceyrat
63075000AL0704_2081f7026f9f981,63,63075.0,Chamalières
63069000AH0312_49166c6ca75b998,63,63069.0,Le Cendre
63113000IT0054_02f98692b7fada6,63,63113.0,Clermont-Ferrand
63113000EO0688_1de606a14c063a7,63,63113.0,Clermont-Ferrand
63113000EK0535_ad6a87ebfa6f273,63,63113.0,Clermont-Ferrand
63113000ES0107_ec5b724087a6877,63,63113.0,Clermont-Ferrand
63113000ET0325_6369a148794d5c0,63,63113.0,Clermont-Ferrand
63113000EV0015_ec3ca5b24caf64d,63,63113.0,Clermont-Ferrand
63113000EY0165_d8422d22fbe9069,63,63113.0,Clermont-Ferrand
63113000EX0246_d5262d4e2bfa8ad,63,63113.0,Clermont-Ferrand
63113000HV0223_077c05e2ed1385b,63,63113.0,Clermont-Ferrand
63113000HW0339_f553c439f0df66c,63,63113.0,Clermont-Ferrand
63113000HW0447_fea2e59f91fdb80,63,63113.0,Clermont-Ferrand
63113000HV0039_20b846bf612bb8f,63,63113.0,Clermont-Ferrand
63113000IS0296_eded631e40886cd,63,63113.0,Clermont-Ferrand
63113000IT0053_bbd6e67c58c55cb,63,63113.0,Clermont-Ferrand
63113000IV0502_eae65e3e1ef7836,63,63113.0,Clermont-Ferrand
63113000IZ0107_8d00e245a41b77a,63,63113.0,Clermont-Ferrand
63113000LO0801_4fe4076c13ab60b,63,63113.0,Clermont-Ferrand
63113000LP0571_5e4a36a1b03dbc6,63,63113.0,Clermont-Ferrand
63113000LV0542_619fd9b0e50e04a,63,63113.0,Clermont-Ferrand
63113000KM0094_b0eb89fc3c0af75,63,63113.0,Clermont-Ferrand
63164000BV0179_212b0865c84767d,63,63164.0,Gerzat
63178000AZ0048_94bff79a7a8d4c6,63,63178.0,Issoire
63300000BR0108_726f926c0da600e,63,63300.0,Riom
uf631130292492_bafcc08384dc468,63,63113.0,Clermont-Ferrand
uf631780347484_f85e4fa47450350,63,63178.0,Issoire
69034000AH0005_659781da030377b,69,69034.0,Caluire-et-Cuire
69088000AI0237_267840a052c635c,69,69088.0,Fontaines-sur-Saône
69092000AN0008_8d48f2c7976f852,69,69092.0,Gleizé
69244000AP0262_37273a5fb0650c7,69,69244.0,Tassin-la-Demi-Lune
69256000AP0004_8ce5f4f1b6f075e,69,69256.0,Vaulx-en-Velin
69256000BO0388_0c52008e91710fe,69,69256.0,Vaulx-en-Velin
69264000AK0373_b60f0fe21be7d0c,69,69264.0,Villefranche-sur-Saône
69266000AV0049_d5047082fc426e6,69,69266.0,Villeurbanne
69266000AZ0109_27f4afa5f91b3a1,69,69266.0,Villeurbanne
69266000BC0359_9818ca1c4189e04,69,69266.0,Villeurbanne
69266000BC0365_9c185808e6050ff,69,69266.0,Villeurbanne
69266000CK0027_9c4c3bea642ad31,69,69266.0,Villeurbanne
69275000AS0596_c7609d77eb0e10c,69,69275.0,Décines-Charpieu
69383000CO0155_035f6b397064736,69,69123.0,Lyon
69383000CT0010_dfd71b56a7f0cf3,69,69123.0,Lyon
69383000DZ0037_1a73b9fbcff1118,69,69123.0,Lyon
69387000BW0085_a57a8ae7801584d,69,69123.0,Lyon
69388000AN0329_65fbb3e077bd877,69,69123.0,Lyon
69389000BZ0057_1125c402504d7a1,69,69123.0,Lyon
uf692730249620_12fa0a3b5b620ec,69,69273.0,Corbas
69019000AE0021_0109f3a26ebfd0f,69,69019.0,Belleville-en-Beaujolais
69027000BE0141_69c79fb98344cf0,69,69027.0,Brignais
690290000A0592_df107659a7d0753,69,69029.0,Bron
690290000B2582_e4308744c55aa77,69,69029.0,Bron
690290000B2588_5c96b319dbe95aa,69,69029.0,Bron
690290000B2591_084f6671ad2d93e,69,69029.0,Bron
690290000B2593_555d0aaacf659be,69,69029.0,Bron
690290000B2594_42e903a537ad3b0,69,69029.0,Bron
690290000B2597_9d8bcd2e87ba5c6,69,69029.0,Bron
690290000B2609_9398e8c21c3d8b2,69,69029.0,Bron
690290000B2649_0bb729ec0abe78c,69,69029.0,Bron
690290000D1301_fa10d485c9b9905,69,69029.0,Bron
690290000D1302_d81c7e050a6fa89,69,69029.0,Bron
69034000AC0317_89cefc41168b366,69,69034.0,Caluire-et-Cuire
69034000AX0391_d487c5e9822d667,69,69034.0,Caluire-et-Cuire
69034000AX0410_af1b8c72824ad07,69,69034.0,Caluire-et-Cuire
69069000AD0265_39917b79093b687,69,69069.0,Craponne
69069000AV0069_f7f149b2f983fd4,69,69069.0,Craponne
690810000B1028_10f6a4e42d44055,69,69081.0,Écully
690810000B1441_33d2b4a72e691b9,69,69081.0,Écully
691050000A0359_105b274714dff02,69,69105.0,Lacenas
69142000AH0104_7c96433bc1ec3b1,69,69142.0,La Mulatière
69149000AE0150_78324bd9d061cc3,69,69149.0,Oullins
69149000AI0238_557ff84cd59f51e,69,69149.0,Oullins
69149000AI0383_6ba51ede79b52d4,69,69149.0,Oullins
69202000AE0186_8a478d046093f52,69,69202.0,Sainte-Foy-lès-Lyon
69202000AE0375_0664030c5823cba,69,69202.0,Sainte-Foy-lès-Lyon
69204000AT0264_8b35758ac44b56a,69,69204.0,Saint-Genis-Laval
69204000AW0202_339d16b9ddb6671,69,69204.0,Saint-Genis-Laval
69204000CE0044_4e6374a0fdb1c23,69,69204.0,Saint-Genis-Laval
69204000CE0045_f21c91296f613a3,69,69204.0,Saint-Genis-Laval
69204000CE0046_7910577d389bca9,69,69204.0,Saint-Genis-Laval
692190000F0500_63659b734518047,69,69219.0,Saint-Laurent-d'Agny
69244000AN0036_61825165e5636b6,69,69244.0,Tassin-la-Demi-Lune
69244000AS0204_3258deaf2e1f8ab,69,69244.0,Tassin-la-Demi-Lune
69256000AN0245_a37fbd96e56bdd8,69,69256.0,Vaulx-en-Velin
69259000AM0061_84d8df14595c179,69,69259.0,Vénissieux
69259000BE0185_3766b1249ccc6a8,69,69259.0,Vénissieux
69259000BE0186_423ea5b19842aa1,69,69259.0,Vénissieux
69259000BL0045_525db71f7a295bb,69,69259.0,Vénissieux
69264000AB0303_7e1ffe692c33875,69,69264.0,Villefranche-sur-Saône
69264000AC0689_5d1a62d53eece30,69,69264.0,Villefranche-sur-Saône
69264000AH0040_b9ee7f07a845d94,69,69264.0,Villefranche-sur-Saône
69264000AH0054_d352bbfc5879b71,69,69264.0,Villefranche-sur-Saône
69264000AH0452_35e96a2ea960b9f,69,69264.0,Villefranche-sur-Saône
69264000AL0159_96e69c1afdceee4,69,69264.0,Villefranche-sur-Saône
69264000AL0072_a24a5b549831c44,69,69264.0,Villefranche-sur-Saône
69264000AL0073_9938081e467cb96,69,69264.0,Villefranche-sur-Saône
69264000AL0160_463b4d5e5c43b5a,69,69264.0,Villefranche-sur-Saône
69264000AN0002_3081e77466cf849,69,69264.0,Villefranche-sur-Saône
69264000AN0036_f6d515a5d73e096,69,69264.0,Villefranche-sur-Saône
69264000AP0181_5b2a5b3325b9675,69,69264.0,Villefranche-sur-Saône
69264000BC0015_67975e384c94e1d,69,69264.0,Villefranche-sur-Saône
69266000BB0076_cec492d0c1100c0,69,69266.0,Villeurbanne
69266000BB0340_643166ada262041,69,69266.0,Villeurbanne
69266000BE0086_1f94bc8264a9475,69,69266.0,Villeurbanne
69266000BH0117_e397a7997a035dd,69,69266.0,Villeurbanne
69266000BL0067_6a92afbb49191ce,69,69266.0,Villeurbanne
69266000BL0028_7ef7d8617ee66fd,69,69266.0,Villeurbanne
69266000BL0014_da2201a47e5501f,69,69266.0,Villeurbanne
69266000BL0217_1360823642b0412,69,69266.0,Villeurbanne
69266000BM0030_a84c2bf9a9c55f8,69,69266.0,Villeurbanne
69266000BN0031_d95310b7b11dc5e,69,69266.0,Villeurbanne
69266000BN0086_edb411d396b890d,69,69266.0,Villeurbanne
69266000BN0178_bc2d023cefdc31b,69,69266.0,Villeurbanne
69266000BN0181_266b104169a3bdc,69,69266.0,Villeurbanne
69266000BN0231_d410416a49aac0e,69,69266.0,Villeurbanne
69266000BO0075_4ed4bc5bcff9ae6,69,69266.0,Villeurbanne
69266000BP0033_353af17454c2d7d,69,69266.0,Villeurbanne
69266000BS0086_afc970e5bc50e34,69,69266.0,Villeurbanne
69266000CL0042_27e8a32b3cacc0d,69,69266.0,Villeurbanne
69266000CL0043_c56f18315ea02b6,69,69266.0,Villeurbanne
69266000CL0095_5d84fa03624a790,69,69266.0,Villeurbanne
69275000AZ0793_dbe75c6ca01ad5c,69,69275.0,Décines-Charpieu
69278000AI0527_2f004a4b1f6ad18,69,69278.0,Genay
69286000CB0206_b7d4790d6860ba2,69,69286.0,Rillieux-la-Pape
69290000CW0459_d377508e23c28ee,69,69290.0,Saint-Priest
69290000DY0378_2c390c4a900e586,69,69290.0,Saint-Priest
69290000EH0232_ab948fe65e7b52d,69,69290.0,Saint-Priest
69290000EH0231_669fb3036ee5985,69,69290.0,Saint-Priest
69294000AM0049_8491b441f1a1234,69,69294.0,Sérézin-du-Rhône
69294000AO0041_5896f7210aba3ad,69,69294.0,Sérézin-du-Rhône
69294000AO0042_0c946b6267cf9c9,69,69294.0,Sérézin-du-Rhône
69381000AD0034_fadd5c29ef45152,69,69123.0,Lyon
69381000AP0013_e1e663804e2daf5,69,69123.0,Lyon
69381000AP0098_13f9d93a2824f97,69,69123.0,Lyon
69381000AP0058_8f7f4f4af145940,69,69123.0,Lyon
69381000AP0010_465485dbc241370,69,69123.0,Lyon
69381000AP0169_7c37a0a412833a5,69,69123.0,Lyon
69381000AP0293_3cb8120e69c0869,69,69123.0,Lyon
69381000AR0142_7ffcf25c4208e5e,69,69123.0,Lyon
69381000AS0052_374d0014ce3f1f2,69,69123.0,Lyon
69381000AS0060_9a783bbfe3665ea,69,69123.0,Lyon
69381000AT0107_4fec2fbc349c610,69,69123.0,Lyon
69382000AD0019_4e94a143d419a30,69,69123.0,Lyon
69382000AE0080_b93e53ed2c348eb,69,69123.0,Lyon
69382000AK0014_4363e26e14e02ff,69,69123.0,Lyon
69382000AO0052_0cf46f3a991e623,69,69123.0,Lyon
69382000AO0053_c13744b75d6453b,69,69123.0,Lyon
69382000AP0013_eee88ff0db12558,69,69123.0,Lyon
69382000AS0040_53be592683365a8,69,69123.0,Lyon
69382000AS0051_37d0485303c5b80,69,69123.0,Lyon
69382000AS0052_b4c6cf8faf20c4d,69,69123.0,Lyon
69382000AV0043_09ed7448054be4e,69,69123.0,Lyon
69382000AX0038_daf0ee988861b67,69,69123.0,Lyon
69382000AZ0033_bc0aaef98d44bb5,69,69123.0,Lyon
69382000BC0018_a7d0e73193bd862,69,69123.0,Lyon
69382000AZ0089_42180474350e8b4,69,69123.0,Lyon
69383000AH0138_b843e5f27235479,69,69123.0,Lyon
69383000BL0029_5a9a4745b240151,69,69123.0,Lyon
69383000AK0073_076283ff456fac3,69,69123.0,Lyon
69383000AL0023_f5b22339d2b4d89,69,69123.0,Lyon
69383000AC0047_153700e4014ddd7,69,69123.0,Lyon
69383000AL0091_e02a4fd7b401779,69,69123.0,Lyon
69383000AI0029_1f56df220bd3c03,69,69123.0,Lyon
69383000AN0050_014dcfd0d4dc12a,69,69123.0,Lyon
69383000AN0084_22b8a1824e5b8ba,69,69123.0,Lyon
69383000AP0029_0df97f643cdb011,69,69123.0,Lyon
69383000AO0124_d6cb0be803901f8,69,69123.0,Lyon
69383000AO0073_2caf6abdc26bb6e,69,69123.0,Lyon
69383000AP0051_52a38c8db2af51e,69,69123.0,Lyon
69383000AV0048_180486e30709f96,69,69123.0,Lyon
69383000AV0041_919629fae3a377d,69,69123.0,Lyon
69383000AX0016_50a80b9ef85be5c,69,69123.0,Lyon
69383000AV0011_8ef958d92f49239,69,69123.0,Lyon
69383000BC0100_c4c935647abc60d,69,69123.0,Lyon
69383000BK0077_4f5f0f464f47e7b,69,69123.0,Lyon
69383000CS0058_62f9353039c3a31,69,69123.0,Lyon
69383000CZ0074_0983b6b3db47b52,69,69123.0,Lyon
69383000CZ0070_3e816b2f36edde4,69,69123.0,Lyon
69383000DM0016_baa4dee09bf97a1,69,69123.0,Lyon
69383000DP0068_e943798c6ac2fb8,69,69123.0,Lyon
69383000DP0085_49df4a3f9ef520f,69,69123.0,Lyon
69383000EL0020_09a33b74016104e,69,69123.0,Lyon
69383000EL0122_b7f11bbc09d91a5,69,69123.0,Lyon
69384000AO0092_53e7fc62c7e4dbf,69,69123.0,Lyon
69384000AP0050_e9a9bb9025a92c8,69,69123.0,Lyon
69384000AW0249_d058a19315533dc,69,69123.0,Lyon
69385000AE0082_02f07b389af28cb,69,69123.0,Lyon
69385000AE0088_81c97fb68720498,69,69123.0,Lyon
69385000AK0117_f559b1da1dbeac8,69,69123.0,Lyon
69385000AK0118_a16642909b79d00,69,69123.0,Lyon
69385000AL0025_c566e694e33c436,69,69123.0,Lyon
69385000AP0109_9dd5ce728a0928c,69,69123.0,Lyon
69385000AS0056_809f5e41382f063,69,69123.0,Lyon
69385000BO0198_87da5d0b63dd679,69,69123.0,Lyon
69385000BO0225_69577cb3d4afef2,69,69123.0,Lyon
69385000BY0004_2a80ef1d61ffcb6,69,69123.0,Lyon
69386000AK0065_afcd8396d38b8ef,69,69123.0,Lyon
69386000AK0066_b5f293e48277a02,69,69123.0,Lyon
69386000BE0004_e21c3341411de91,69,69123.0,Lyon
69386000AN0080_4baf1082c17fb6b,69,69123.0,Lyon
69386000AO0090_6b9629668191053,69,69123.0,Lyon
69386000AO0064_85b8373b7ccf0a7,69,69123.0,Lyon
69386000AO0065_9975835c48d18f7,69,69123.0,Lyon
69386000AS0010_c4545fcc93829f6,69,69123.0,Lyon
69386000AR0045_e653570ac6bf230,69,69123.0,Lyon
69386000BD0032_b751bb72b6e3f33,69,69123.0,Lyon
69386000BE0078_8f960d03efd8060,69,69123.0,Lyon
69386000BH0161_08326635b3c08f6,69,69123.0,Lyon
69386000BK0071_0ff9ec7c68f6663,69,69123.0,Lyon
69386000BK0072_204a4a0f8c14b48,69,69123.0,Lyon
69386000BM0013_d1b589c1aa9545b,69,69123.0,Lyon
69387000AC0079_d08552cdb895bc5,69,69123.0,Lyon
69387000AD0046_c0a7d3a23608ba6,69,69123.0,Lyon
69387000AE0143_3bb824fdd1536bd,69,69123.0,Lyon
69387000AL0037_7d3e427a171e9cf,69,69123.0,Lyon
69387000AM0042_319732011be0210,69,69123.0,Lyon
69387000AM0016_049b88de3d9ed7b,69,69123.0,Lyon
69387000AM0102_5ab254e507a58ce,69,69123.0,Lyon
69387000AR0023_dc01e1d1054ba9c,69,69123.0,Lyon
69387000AT0036_f91a1516fd08ced,69,69123.0,Lyon
69387000AW0030_dae1772229f2b46,69,69123.0,Lyon
69387000AX0079_6f00299886888cd,69,69123.0,Lyon
69387000BD0062_981abba496c2f48,69,69123.0,Lyon
69387000BK0056_6478799b22b11cc,69,69123.0,Lyon
69387000BK0094_d6b5dd4b74d1a3a,69,69123.0,Lyon
69387000BK0036_b7d49c65520688a,69,69123.0,Lyon
69387000BO0182_60e9dbeb6d766f7,69,69123.0,Lyon
69387000BO0183_b3c7c1ccf029fe4,69,69123.0,Lyon
69387000BW0001_67fed128c5c89e8,69,69123.0,Lyon
69387000BW0003_949ef8a26e63d1f,69,69123.0,Lyon
69387000CD0010_81540c978af796c,69,69123.0,Lyon
69387000BK0301_340f4984c30538a,69,69123.0,Lyon
69388000AE0068_d37b8366fa30bc8,69,69123.0,Lyon
69388000AH0115_49c0f617cc7ab7c,69,69123.0,Lyon
69388000AM0064_aa9d6ac7e09657a,69,69123.0,Lyon
69388000BI0123_8eec7c6f4e5541d,69,69123.0,Lyon
69388000BP0019_37ed480ea4eab1e,69,69123.0,Lyon
69389000AP0169_0b41711d047c275,69,69123.0,Lyon
69389000BC0128_c444e7b1b67d54a,69,69123.0,Lyon
69389000BN0010_ebe4b8a3b5ffb1c,69,69123.0,Lyon
69389000BT0085_8daf7d77e36ff8a,69,69123.0,Lyon
69389000CE0036_498c83f7de5a1e5,69,69123.0,Lyon
69389000CX0234_603691a725fd110,69,69123.0,Lyon
69389000CX0223_0aceb7395b83629,69,69123.0,Lyon
69389000CX0232_2029a4ac2c9b406,69,69123.0,Lyon
69389000CX0233_26c013e0e2f38fc,69,69123.0,Lyon
uf690290013559_592fd494616a2c5,69,69029.0,Bron
uf690290013912_027d7408bb238aa,69,69029.0,Bron
uf690810206221_809a38f5585d0aa,69,69081.0,Écully
uf692040097772_126cd1a53a33fbb,69,69204.0,Saint-Genis-Laval
uf692660230748_690df7601e08ea3,69,69266.0,Villeurbanne
uf692940251524_d88ce9a2b82c1e0,69,69294.0,Sérézin-du-Rhône
uf692940149878_88dfb7ab06ca6e6,69,69294.0,Sérézin-du-Rhône
uf693890154711_6fa0ef452f9f00e,69,69123.0,Lyon
uf693890252148_3fb8558277e4a99,69,69123.0,Lyon
690290000F0409_421feb94b34cec6,69,69029.0,Bron
69089000BK0044_2e8c9a25990bd45,69,69089.0,Francheville
uf692560126377_1d390ee0b5ee5d3,69,69256.0,Vaulx-en-Velin
69259000AI0040_9943c00e593ebb2,69,69259.0,Vénissieux
69264000AB0117_9004bd28acc0b45,69,69264.0,Villefranche-sur-Saône
69264000AH0051_4df1c5cb4f6afa4,69,69264.0,Villefranche-sur-Saône
69266000AW0303_469b9fe0f8d9977,69,69266.0,Villeurbanne
69266000BC0268_515be6276c712b6,69,69266.0,Villeurbanne
69266000CO0227_cd670d528127da2,69,69266.0,Villeurbanne
69381000AB0026_860b15937a1679c,69,69123,Lyon
69381000AH0005_0cb8f991105c01a,69,69123,Lyon
69381000AP0291_633fd33ba4643e6,69,69123,Lyon
69382000AK0090_aded67131219fa8,69,69123,Lyon
69382000AS0016_fdca4b092625bff,69,69123,Lyon
69382000AK0008_71063bc01a8ef12,69,69123,Lyon
69383000AP0032_e9df1ffee18f430,69,69123,Lyon
69383000AY0060_210956180d947c4,69,69123,Lyon
69383000AY0090_f26e5f174c6414f,69,69123,Lyon
69383000CH0006_0d330e4b859112f,69,69123,Lyon
69384000AV0030_d215c2e0eadcbb1,69,69123,Lyon
69384000AW0250_ca2066b3971ec52,69,69123,Lyon
69385000AE0089_586fde3d4f97592,69,69123,Lyon
69385000AP0029_7ff1c9848fb387f,69,69123,Lyon
69386000AK0018_050c9064be6204f,69,69123,Lyon
69386000AP0111_375e6db1bee9c28,69,69123,Lyon
69387000BO0037_df2116fd083ebf7,69,69123,Lyon
69386000BD0050_0bd5d5bc8925397,69,69123,Lyon
69386000BD0156_1c27fb692f2af98,69,69123,Lyon
69386000BH0048_181e15257848c14,69,69123,Lyon
69387000AD0065_6d2659b9befd1ca,69,69123,Lyon
69387000AE0140_059540e6306b255,69,69123,Lyon
69387000AR0015_6dd6f3b6ca4d879,69,69123,Lyon
69387000BH0049_b4c0358d5d373cd,69,69123,Lyon
69387000BO0110_838654f8268b0fe,69,69123,Lyon
69387000BR0154_608396b68f07ecf,69,69123,Lyon
69387000BS0043_3a9e83bcbf9f3ae,69,69123,Lyon
69388000AP0134_e0c320ae818dfa0,69,69123,Lyon
69388000BN0008_9708870b5c1b388,69,69123,Lyon
69389000CV0014_6ce78795e112524,69,69123,Lyon
69019000AE0713_c86639d81559039,69,69019,Belleville-en-Beaujolais
690290000A0732_7d90b09f11ead9f,69,69029,Bron
69290000DT0027_19cefac7de1abc7,69,69290,Saint-Priest
69386000AK0146_39a83179a7d0639,69,69123,Lyon
69387000BS0102_7825eda77e437a0,69,69123,Lyon
69388000BS0013_75b80b5b936af06,69,69123,Lyon
69027000BE0069_09816dc9cca3688,69,69027,Brignais
690290000B2066_5c547ab5b381d8a,69,69029,Bron
69034000AP0249_e928d869816e2d8,69,69034,Caluire-et-Cuire
69034000AP0265_5f276de352f54c8,69,69034,Caluire-et-Cuire
69034000BK0370_f471c547573f336,69,69034,Caluire-et-Cuire
69069000AB0279_e2a28bdb46169dd,69,69069,Craponne
69069000AD0266_4c2912f257c2d73,69,69069,Craponne
69069000AW0366_987029576392836,69,69069,Craponne
69069000AW0003_d1ca211eecd72d9,69,69069,Craponne
69089000BK0028_1f56cfcd405c97d,69,69089,Francheville
69089000BR0292_1ce9c6ffeef4f65,69,69089,Francheville
69091000AN0227_a37c4a9e39b98ca,69,69091,Givors
69149000AK0508_cbb22d597faa619,69,69149,Oullins
69149000AL0198_9dd28157b6e22db,69,69149,Oullins
69152000AH0324_f86e13f0aa26779,69,69152,Pierre-Bénite
69152000AL0477_86fc07438a50e59,69,69152,Pierre-Bénite
69204000AS0206_7c22a10c5cfffc3,69,69204,Saint-Genis-Laval
69204000BW0228_5815ed57c376b4d,69,69204,Saint-Genis-Laval
69244000AS0497_b19bd3dbbb6df06,69,69244,Tassin-la-Demi-Lune
69244000AO0161_78ff1ff521db23a,69,69244,Tassin-la-Demi-Lune
69256000AT0442_56ef69c136872ea,69,69256,Vaulx-en-Velin
69256000BR0559_5e8d3d0e40feef6,69,69256,Vaulx-en-Velin
69259000AT0041_12bf2100bccfddf,69,69259,Vénissieux
69264000AB0277_b7e088bf38df304,69,69264,Villefranche-sur-Saône
69264000AC0478_34912d7d0c6aa65,69,69264,Villefranche-sur-Saône
69264000AH0053_0ff8266e86c8a1c,69,69264,Villefranche-sur-Saône
69264000AK0028_9ce67c8e671ce60,69,69264,Villefranche-sur-Saône
69264000AI0529_ed351a9083f10fe,69,69264,Villefranche-sur-Saône
69264000AK0350_2cfb9c23f446464,69,69264,Villefranche-sur-Saône
69264000AL0340_9de285daa701ddb,69,69264,Villefranche-sur-Saône
69264000AL0446_c3e6d0fadbc7856,69,69264,Villefranche-sur-Saône
69264000AN0413_aad267c33b1ffbb,69,69264,Villefranche-sur-Saône
69264000AP0024_5653614c1fd5720,69,69264,Villefranche-sur-Saône
69266000AN0144_d0bc6af65873e40,69,69266,Villeurbanne
69266000AT0285_a6abc74fb6dfd6f,69,69266,Villeurbanne
69266000BA0050_a48bdae85375cd4,69,69266,Villeurbanne
69266000AI0252_85032272aa62757,69,69266,Villeurbanne
69266000BC0557_8f0c44aa67b2662,69,69266,Villeurbanne
69266000BE0170_5edd6dd5493d811,69,69266,Villeurbanne
69266000BE0269_4dbbb9a12f95b06,69,69266,Villeurbanne
69266000BE0369_a1a80c426dfeac2,69,69266,Villeurbanne
69266000BI0029_25aba98a64fb56a,69,69266,Villeurbanne
69266000BM0125_2595a012feaaa1e,69,69266,Villeurbanne
69266000BN0180_5cd24167319319a,69,69266,Villeurbanne
69266000BO0086_1e4c99946dbc2c8,69,69266,Villeurbanne
69266000BV0098_a704b8bd9be580a,69,69266,Villeurbanne
69266000CK0053_17c9b70217f147a,69,69266,Villeurbanne
69266000CL0308_de796db7c8bb62c,69,69266,Villeurbanne
69266000CM0138_47088c0d968283a,69,69266,Villeurbanne
69266000CN0132_26794e1b9dd7585,69,69266,Villeurbanne
69275000AY0275_adbde79b780a014,69,69275,Décines-Charpieu
69278000AI0523_ea9e1f301c04af7,69,69278,Genay
69286000BH0254_d783e7fa6c0e84a,69,69286,Rillieux-la-Pape
69290000CN0001_4e3e5e650b945c4,69,69290,Saint-Priest
69290000CW0613_713990b5a862e1b,69,69290,Saint-Priest
69290000CW0615_8dbe44f29857295,69,69290,Saint-Priest
69294000AM0206_f69a81f7ade93f8,69,69294,Sérézin-du-Rhône
69294000AM0217_4537741bc6db4ec,69,69294,Sérézin-du-Rhône
69382000AL0015_a2a63f70c0bfc49,69,69123,Lyon
69382000AP0006_47b070850b985d9,69,69123,Lyon
69382000AZ0193_944d9ba1850dcd6,69,69123,Lyon
69383000AB0079_c598d57789f5ee3,69,69123,Lyon
69383000AO0064_563fd83d5fce81b,69,69123,Lyon
69383000AZ0223_dcee2b0cb9374f2,69,69123,Lyon
69383000AZ0215_3bca192ff774235,69,69123,Lyon
69383000DT0052_75dc3a1be4be537,69,69123,Lyon
69383000BI0059_cd0159de70e7a12,69,69123,Lyon
69383000CV0030_48da108bd56c8c0,69,69123,Lyon
69383000DH0007_c15d9b1bfd00cb3,69,69123,Lyon
69383000CX0055_bbbb1fbf8a72eae,69,69123,Lyon
69383000DT0090_dc784f8f04e19aa,69,69123,Lyon
69383000DZ0087_f90f4f41736320c,69,69123,Lyon
69384000AD0161_aec1ee85fab4b80,69,69123,Lyon
69385000BD0077_ebd732dcf06ad65,69,69123,Lyon
69386000BE0123_3ae3ec650dcf9c9,69,69123,Lyon
69386000BM0131_93d16b9bfefc2d4,69,69123,Lyon
69387000AI0020_53ab43f92e5d016,69,69123,Lyon
69386000BL0037_f54ee6f0294b612,69,69123,Lyon
69387000AT0034_817e3df0ff133ab,69,69123,Lyon
69387000BK0122_2a5fa71ab5e85ca,69,69123,Lyon
69387000BO0054_429758724da88b7,69,69123,Lyon
69387000BR0142_f15e045743470cb,69,69123,Lyon
69388000AD0018_a0691fabc1b6383,69,69123,Lyon
69388000AN0277_29186f55f7ee155,69,69123,Lyon
69388000BN0022_7cb298a808359c7,69,69123,Lyon
69388000BX0097_5401def69488bf4,69,69123,Lyon
69388000CI0367_a12bd8dc8182a64,69,69123,Lyon
69388000BS0051_1d509f673f3de70,69,69123,Lyon
69389000AM0039_f4f340c74ad6152,69,69123,Lyon
69388000BV0055_9790c9711c4f6e2,69,69123,Lyon
69388000BX0092_6fb676879c31e4e,69,69123,Lyon
69389000BP0167_f94acfc685e48cd,69,69123,Lyon
69389000BP0203_8503e37a779d97d,69,69123,Lyon
69389000BP0219_76071312cc78726,69,69123,Lyon
uf692440117875_d604c112c8aa9bf,69,69244,Tassin-la-Demi-Lune
69009000AM0247_2fa9daad75694e1,69,69009,Anse
69009000AM0247_780d3ed94482a33,69,69009,Anse
69024000AC0093_10a83519016e6a7,69,69024,Val d'Oingt
690290000C1953_19fbf1157f68dd1,69,69029,Bron
690290000C1953_0cb63bd3230bb9a,69,69029,Bron
690290000C1953_9392ca47dfe128a,69,69029,Bron
690290000F1578_d88007db1333d2b,69,69029,Bron
690290000F1169_bf3ebda4e3ca320,69,69029,Bron
690290000F1578_05d8bc5d5b22c9c,69,69029,Bron
690290000F1169_abbe0546362add4,69,69029,Bron
69034000BE0039_8354ea7af893609,69,69034,Caluire-et-Cuire
69034000BE0039_a87f8af976cc7c6,69,69034,Caluire-et-Cuire
69034000BK0354_92192c26d676dec,69,69034,Caluire-et-Cuire
69034000BK0354_b4de90ecee96bc6,69,69034,Caluire-et-Cuire
69040000AI0310_9574ab4edba6530,69,69040,Champagne-au-Mont-d'Or
69040000AI0310_03a5c398a357b5d,69,69040,Champagne-au-Mont-d'Or
69040000AI0310_edc8597e2108eb7,69,69040,Champagne-au-Mont-d'Or
69040000AI0310_29aae75096d5937,69,69040,Champagne-au-Mont-d'Or
69040000AH0264_dfa2855df27a4cf,69,69040,Champagne-au-Mont-d'Or
690810000D1027_952c55dd8cdc17f,69,69081,Écully
69115000AB0117_4f0d0bfb2c29fb5,69,69115,Limas
69149000AL0226_399bc6263345fae,69,69149,Oullins
69149000AL0226_ec73adba8b1714a,69,69149,Oullins
69149000AS0138_c48236f4ba5e51f,69,69149,Oullins
69202000AE0361_f0e0029f77d1fd0,69,69202,Sainte-Foy-lès-Lyon
69202000AE0361_2c34d2ef00bbcf9,69,69202,Sainte-Foy-lès-Lyon
69204000AT0263_ab6d0d6e766839d,69,69204,Saint-Genis-Laval
69204000AT0263_c12fb29787af65f,69,69204,Saint-Genis-Laval
69204000BB0074_b61dee19d249c77,69,69204,Saint-Genis-Laval
69244000AP0201_2690191c7909f22,69,69244,Tassin-la-Demi-Lune
69244000AP0201_3be29c29c6928ca,69,69244,Tassin-la-Demi-Lune
69244000AS0166_70d47492a680eaf,69,69244,Tassin-la-Demi-Lune
69244000AS0166_4c29b14681bfe59,69,69244,Tassin-la-Demi-Lune
69244000AT0145_d417ea6f81296e8,69,69244,Tassin-la-Demi-Lune
69244000AT0145_8e0532a0294c7ae,69,69244,Tassin-la-Demi-Lune
69256000BT0354_86ebd31b8084bd3,69,69256,Vaulx-en-Velin
69259000BL0102_698535325b3ec55,69,69259,Vénissieux
69259000BL0102_8e9d0f7969aa60c,69,69259,Vénissieux
69264000AB0278_c42122b1ffe1b38,69,69264,Villefranche-sur-Saône
69264000AC0648_79b038fde4d63ef,69,69264,Villefranche-sur-Saône
69264000AC0648_6c454217500c1a4,69,69264,Villefranche-sur-Saône
69264000AN0116_9477573cec1ec1a,69,69264,Villefranche-sur-Saône
69264000AC0703_0e547125d786325,69,69264,Villefranche-sur-Saône
69264000AL0202_b54758d1a6c7d4f,69,69264,Villefranche-sur-Saône
69264000AL0202_b1d4df1e34a7035,69,69264,Villefranche-sur-Saône
69264000AK0071_9e72701dd966f37,69,69264,Villefranche-sur-Saône
69264000AK0271_0811f83d4ca192f,69,69264,Villefranche-sur-Saône
69264000AK0271_1c13d88050e5a58,69,69264,Villefranche-sur-Saône
69264000AL0156_9aebe5dd2dbcfdc,69,69264,Villefranche-sur-Saône
69264000AN0035_35ce019b7354402,69,69264,Villefranche-sur-Saône
69264000AN0116_7dfa703c73b8427,69,69264,Villefranche-sur-Saône
69264000AP0132_d8da3af3c518cdd,69,69264,Villefranche-sur-Saône
69264000AP0132_36ebc4c696de73b,69,69264,Villefranche-sur-Saône
69266000BB0100_f47671b2a24b930,69,69266,Villeurbanne
69266000BB0100_ac2b384f840b864,69,69266,Villeurbanne
69266000CC0104_5c6232ac65c14dd,69,69266,Villeurbanne
69266000BE0111_173f277058b18cd,69,69266,Villeurbanne
69266000BE0111_50df9613f217668,69,69266,Villeurbanne
69266000BI0040_c70d63e83eb32a2,69,69266,Villeurbanne
69266000BL0323_774300a422d03de,69,69266,Villeurbanne
69266000BL0323_65f37b1b1e08fb5,69,69266,Villeurbanne
69266000BN0131_7ef0d8c1afb5caf,69,69266,Villeurbanne
69266000BP0114_bd932724aeae303,69,69266,Villeurbanne
69266000BR0166_80ff558a0d384b3,69,69266,Villeurbanne
69266000CC0104_5f6d94f77928aaa,69,69266,Villeurbanne
69266000CI0085_b0cccec75422f12,69,69266,Villeurbanne
69266000CI0085_0197ce5ed42542c,69,69266,Villeurbanne
69266000CM0066_d696668e04d01a8,69,69266,Villeurbanne
69266000CM0066_7197290019f5735,69,69266,Villeurbanne
69288000AB0022_462db90c7d05ff4,69,69288,Saint-Laurent-de-Mure
69290000DE0705_7a4a8c97a9aa6ce,69,69290,Saint-Priest
69290000DE0705_f87a3b9609c7803,69,69290,Saint-Priest
69292000AI0058_aa11dbd25bedec2,69,69292,Sathonay-Camp
69293000AE0433_a594a574ebc2102,69,69293,Sathonay-Village
69381000AB0031_2361d07ab590c69,69,69123,Lyon
69381000AB0031_54aa433244a2129,69,69123,Lyon
69381000AV0034_1d8f133447491d3,69,69123,Lyon
69381000AM0058_b03d0d5ee112a49,69,69123,Lyon
69383000AT0022_db095eb001d521e,69,69123,Lyon
69383000BH0031_13416445677a530,69,69123,Lyon
69383000BK0036_5c23558553fd1fd,69,69123,Lyon
69383000BK0036_2fd736d93d377f6,69,69123,Lyon
69383000BK0036_87a8efafb3e5c70,69,69123,Lyon
69383000BK0036_a551f596dcadd4c,69,69123,Lyon
69383000BK0036_4d0f7c0aaa37f70,69,69123,Lyon
69383000BK0042_d2aff23e7dfa547,69,69123,Lyon
69383000BK0042_36720d60729972b,69,69123,Lyon
69383000BK0042_eee7142dfe867c4,69,69123,Lyon
69383000AZ0188_2f26bc04607278c,69,69123,Lyon
69383000BE0053_35bc971f4e22a80,69,69123,Lyon
69383000BE0053_e54456669479f57,69,69123,Lyon
69383000BK0042_fc0cb3790eb70f1,69,69123,Lyon
69383000CN0115_f0be8b5229e2b64,69,69123,Lyon
69383000CN0115_d5448a5c3a0c64e,69,69123,Lyon
69383000DR0065_23611b1cf2e7c70,69,69123,Lyon
69384000AI0022_78e82f504321044,69,69123,Lyon
69385000BK0090_a2135639fa21c63,69,69123,Lyon
69385000BR0003_77a87a4763225a1,69,69123,Lyon
69385000BR0003_3f9b243b193ff67,69,69123,Lyon
69386000AP0083_40d2ea8f6651bc2,69,69123,Lyon
69386000AP0083_bf2fa5fe1ebecb7,69,69123,Lyon
69387000AD0086_2c03c3738cde4db,69,69123,Lyon
69387000AL0081_cb8c27e38b9e382,69,69123,Lyon
69387000AE0098_dea57feb1a3319e,69,69123,Lyon
69387000BI0127_6949bdc82e4aec2,69,69123,Lyon
69387000BI0127_585f40221e2d4b1,69,69123,Lyon
69387000BO0126_2d14fd26e4cb65d,69,69123,Lyon
69387000BO0126_aef998ec2f6dc64,69,69123,Lyon
69387000BO0116_6e73d920440a35d,69,69123,Lyon
69387000BS0134_cf9bfdef789c1b5,69,69123,Lyon
69387000BW0107_35c13f10f468587,69,69123,Lyon
69387000BT0065_62ea6f499c7f336,69,69123,Lyon
69387000BW0107_cdc75a4d62527cc,69,69123,Lyon
69388000BL0006_b864aba22190597,69,69123,Lyon
69388000CD0011_a1010ac02f43db5,69,69123,Lyon
69388000BX0027_1a315f8e3331990,69,69123,Lyon
69388000CI0057_d4c86f653f8ac12,69,69123,Lyon
69388000CI0057_8a27c4587bfec3a,69,69123,Lyon
69389000AZ0055_fc1d957f5f9849a,69,69123,Lyon
69389000AZ0055_7bdfe7608cb81fa,69,69123,Lyon
69389000BI0049_98e63ded74528f8,69,69123,Lyon
69389000BM0093_62be30240af8a9a,69,69123,Lyon
uf692660132314_7d4cc5774978bff,69,69266,Villeurbanne
uf692660249193_0f895111a4540bb,69,69266,Villeurbanne
uf693880154264_f52a9b976cd0e90,69,69123,Lyon
uf693880154264_ce80eac62a5965d,69,69123,Lyon
uf693880154264_74a4f641196327e,69,69123,Lyon
uf693850251961_6f009ecb83a86dd,69,69123,Lyon
uf693850251961_f9d132ca8e8e345,69,69123,Lyon
69019000AE0714_7862b06bbc0db4c,69,69019,Belleville-en-Beaujolais
69027000BE0889_9c0e38d4e349fb3,69,69027,Brignais
690290000D1263_ff9bc863349b3e0,69,69029,Bron
69034000AC0296_bb8a6d5e11db5d2,69,69034,Caluire-et-Cuire
69034000AX0386_eacd0ed590b7d85,69,69034,Caluire-et-Cuire
69034000AX0389_7e181542d82b4f5,69,69034,Caluire-et-Cuire
69040000AI0173_5a66df7ee407894,69,69040,Champagne-au-Mont-d'Or
69044000AE0051_2e9cce0056f8338,69,69044,Charbonnières-les-Bains
69069000AI0053_8a8be8307f24208,69,69069,Craponne
690810000D1014_577ebff78e35934,69,69081,Écully
69089000BZ0167_f9ad6fc3798c11d,69,69089,Francheville
69091000AN0228_f4be60739980fc5,69,69091,Givors
69092000AP0144_2f6fbaabd898665,69,69092,Gleizé
69100000BH0106_876286b7c346f71,69,69100,Irigny
69127000AH0005_b6268578fc53578,69,69127,Marcy-l'Étoile
69149000AK0004_c71328ffa49df35,69,69149,Oullins
69149000AH0046_5992f5279d57c7a,69,69149,Oullins
69149000AL0033_0805a021178bf50,69,69149,Oullins
69152000AH0315_5ab044b9b3a208d,69,69152,Pierre-Bénite
69202000AD0143_06bdc184282bb52,69,69202,Sainte-Foy-lès-Lyon
69202000AD0260_81b902857d5f17a,69,69202,Sainte-Foy-lès-Lyon
69202000AE0040_ae551e01245b454,69,69202,Sainte-Foy-lès-Lyon
69202000AE0364_7f397eea1733ad5,69,69202,Sainte-Foy-lès-Lyon
69202000AE0216_09a1f565fab273b,69,69202,Sainte-Foy-lès-Lyon
69202000AY0240_8932c028aae8897,69,69202,Sainte-Foy-lès-Lyon
69202000AS0126_08cdbc0d9a499a7,69,69202,Sainte-Foy-lès-Lyon
69204000BH0223_bb376b4168e012c,69,69204,Saint-Genis-Laval
69204000CB0019_78878591cdc50f5,69,69204,Saint-Genis-Laval
69204000CE0024_ac811938812d852,69,69204,Saint-Genis-Laval
69244000AO0155_202826a02fbff92,69,69244,Tassin-la-Demi-Lune
69244000AP0057_deba10cd0e7d949,69,69244,Tassin-la-Demi-Lune
69256000BD0250_fae668f5bb9ff5b,69,69256,Vaulx-en-Velin
69259000AA0194_c34176e4c1197a1,69,69259,Vénissieux
69264000AC0748_f6d80e6f1fc926e,69,69264,Villefranche-sur-Saône
69264000AL0336_d47ef4ddf13ca43,69,69264,Villefranche-sur-Saône
69264000AL0211_ec04461acde3bf2,69,69264,Villefranche-sur-Saône
69264000AN0427_0a6f3d516c488ef,69,69264,Villefranche-sur-Saône
69264000AN0331_8d81124a8115316,69,69264,Villefranche-sur-Saône
69264000AN0366_f64b530a4a1bfb7,69,69264,Villefranche-sur-Saône
69266000BA0082_72b4db3c4b0b974,69,69266,Villeurbanne
69266000BA0215_89a51175041b4d8,69,69266,Villeurbanne
69266000BK0121_fbeef6de3374368,69,69266,Villeurbanne
69266000BC0245_aca187151f5c7cb,69,69266,Villeurbanne
69266000BE0089_392b154505f1bd9,69,69266,Villeurbanne
69266000BE0215_4ee95d639782d83,69,69266,Villeurbanne
69266000BM0033_214ffae1c54a032,69,69266,Villeurbanne
69266000BN0179_4490e6b68aa82d8,69,69266,Villeurbanne
69266000BT0249_5e20ff39c6a3e65,69,69266,Villeurbanne
69266000BW0115_7b0c6e138a473c6,69,69266,Villeurbanne
69266000CM0098_70a83a958a76682,69,69266,Villeurbanne
69268000AL0163_63f062119ddd678,69,69268,Vourles
69268000AO0454_568af96bd418c13,69,69268,Vourles
69275000AT0005_2c3bf9dee5eac12,69,69275,Décines-Charpieu
69286000AL0231_96058d13d22ae5a,69,69286,Rillieux-la-Pape
69290000CM0185_c8a1b2a579c263c,69,69290,Saint-Priest
69290000CL0147_a2924ea78f75a55,69,69290,Saint-Priest
69290000CW0652_df01182609ec052,69,69290,Saint-Priest
69290000DE0662_7855601472cb608,69,69290,Saint-Priest
69290000EH0299_61e29bd9960f99f,69,69290,Saint-Priest
69290000EH0233_55ffeb510358182,69,69290,Saint-Priest
69295000AK0118_1fcd3fe06c47780,69,69295,Simandres
69381000AO0160_c80b259dfbe1096,69,69123,Lyon
69382000AL0004_d5f73928bacac01,69,69123,Lyon
69382000AP0007_a9e5e3719b6f379,69,69123,Lyon
69382000AW0117_d1279a0ffb7f29f,69,69123,Lyon
69382000BC0166_00bf364ad01dd89,69,69123,Lyon
69382000AZ0194_0ffe6a708cefdc4,69,69123,Lyon
69383000AE0124_5b83d411c7c0b97,69,69123,Lyon
69383000CS0010_4e9e05776b80ba0,69,69123,Lyon
69383000DE0068_b78fd60cd85e139,69,69123,Lyon
69383000DN0075_38e616f9235b750,69,69123,Lyon
69383000DT0043_08e37675756c830,69,69123,Lyon
69383000DY0023_d0cd677a8529a8b,69,69123,Lyon
69384000AC0092_6a4bb71a036bc2e,69,69123,Lyon
69384000AO0054_52c7bd08c3478e7,69,69123,Lyon
69385000AY0127_1bc403c2f72cbff,69,69123,Lyon
69385000BI0188_c808a3cee3df8e4,69,69123,Lyon
69385000BO0175_1355d41901a2e3a,69,69123,Lyon
69385000BK0070_4a6e5100b529ca8,69,69123,Lyon
69385000BK0087_3074af237f304d4,69,69123,Lyon
69385000BM0142_feb47af4b832680,69,69123,Lyon
69385000BN0105_a28af00974c770e,69,69123,Lyon
69386000AK0098_c384a96d896f8f7,69,69123,Lyon
69386000AR0046_c3a72ea03bd855b,69,69123,Lyon
69386000AS0034_11751a39c3dc903,69,69123,Lyon
69386000AS0114_fb8a93e34b58ce0,69,69123,Lyon
69386000AX0094_6ec0e45f5b72660,69,69123,Lyon
69386000BD0004_35e4f532dcac881,69,69123,Lyon
69386000BD0143_5f864acdcdf0fa4,69,69123,Lyon
69387000AE0130_1b93a61b9a6b442,69,69123,Lyon
69387000AI0016_d09253555097a84,69,69123,Lyon
69387000AZ0073_5f39153968b975f,69,69123,Lyon
69387000BL0013_58fb959f4e672de,69,69123,Lyon
69387000BK0290_9d58857ddda7f49,69,69123,Lyon
69387000BO0112_a0a39992585f023,69,69123,Lyon
69387000BS0101_82d6aa9adcec5e2,69,69123,Lyon
69387000BY0002_5c748be7f75390b,69,69123,Lyon
69387000BZ0144_586f2638ba3419f,69,69123,Lyon
69388000AM0087_c1d186228a536ec,69,69123,Lyon
69388000BI0221_0e1c6d1465169e8,69,69123,Lyon
69388000BN0097_fc8b24e632b0d76,69,69123,Lyon
69388000BX0125_915dbb4f3685343,69,69123,Lyon
69388000BV0068_a02a8fb3bb162b0,69,69123,Lyon
69388000CK0040_c7e5d82ede06246,69,69123,Lyon
69389000BS0062_b875b87c9cfb95b,69,69123,Lyon
uf690690034702_227d7a151bcc61a,69,69069,Craponne
uf692830142634_f345a5add296ec9,69,69283,Mions
uf693820152347_50ddfd71bcad815,69,69123,Lyon
